ITEM,CORTE,INDICADOR,DELITO,ARTICULO,AÑO,CANTIDAD
1,CSJ AMAZONAS,INGRESOS,DELITOS CONTRA EL PATRIMONIO,Extorsión. - Art. 200.1.,2020,220
2,CSJ AMAZONAS,INGRESOS,DELITOS CONTRA EL PATRIMONIO,Extorsión. - Art. 200.3.,2021,24
3,CSJ AMAZONAS,INGRESOS,DELITOS CONTRA EL PATRIMONIO,Extorsión. - Art. 200.1.,2021,331
4,CSJ AMAZONAS,INGRESOS,DELITOS CONTRA EL PATRIMONIO,Extorsión. - Art. 200.2.,2022,27
5,CSJ AMAZONAS,INGRESOS,DELITOS CONTRA EL PATRIMONIO,Extorsión. - Art. 200.3.,2022,60
6,CSJ AMAZONAS,INGRESOS,DELITOS CONTRA EL PATRIMONIO,Extorsión. - Art. 200.1.,2022,194
7,CSJ ANCASH,INGRESOS,DELITOS CONTRA EL PATRIMONIO,Extorsión. - Art. 200.3.,2020,14
8,CSJ ANCASH,INGRESOS,DELITOS CONTRA EL PATRIMONIO,Extorsión. - Art. 200.1.,2020,907
9,CSJ ANCASH,INGRESOS,DELITOS CONTRA EL PATRIMONIO,Extorsión. - Art. 200.2.,2020,43
10,CSJ ANCASH,INGRESOS,DELITOS CONTRA EL PATRIMONIO,Extorsión. - Art. 200.3.,2021,31
11,CSJ ANCASH,INGRESOS,DELITOS CONTRA EL PATRIMONIO,Extorsión. - Art. 200.2.,2021,63
12,CSJ ANCASH,INGRESOS,DELITOS CONTRA EL PATRIMONIO,Extorsión. - Art. 200.1.,2021,1061
13,CSJ ANCASH,INGRESOS,DELITOS CONTRA EL PATRIMONIO,Extorsión. - Art. 200.2.,2022,41
14,CSJ ANCASH,INGRESOS,DELITOS CONTRA EL PATRIMONIO,Extorsión. - Art. 200.1.,2022,1327
15,CSJ ANCASH,INGRESOS,DELITOS CONTRA EL PATRIMONIO,Extorsión. - Art. 200.3.,2022,31
16,CSJ ANCASH - CARAZ,INGRESOS,DELITOS CONTRA EL PATRIMONIO,Extorsión. - Art. 200.3.,2020,12
17,CSJ ANCASH - CARAZ,INGRESOS,DELITOS CONTRA EL PATRIMONIO,Extorsión. - Art. 200.1.,2020,43
18,CSJ ANCASH - CARHUAZ,INGRESOS,DELITOS CONTRA EL PATRIMONIO,Extorsión. - Art. 200.1.,2021,10
19,CSJ ANCASH - RECUAY NCPP,INGRESOS,DELITOS CONTRA EL PATRIMONIO,Extorsión. - Art. 200.1.,2021,8
20,CSJ ANCASH - YUNGAY,INGRESOS,DELITOS CONTRA EL PATRIMONIO,Extorsión. - Art. 200.1.,2020,95
21,CSJ ANCASH - YUNGAY,INGRESOS,DELITOS CONTRA EL PATRIMONIO,Extorsión. - Art. 200.3.,2020,15
22,CSJ ANCASH - YUNGAY,INGRESOS,DELITOS CONTRA EL PATRIMONIO,Extorsión. - Art. 200.1.,2021,195
23,CSJ ANCASH - YUNGAY,INGRESOS,DELITOS CONTRA EL PATRIMONIO,Extorsión. - Art. 200.3.,2021,27
24,CSJ APURIMAC,INGRESOS,DELITOS CONTRA EL PATRIMONIO,Extorsión. - Art. 200.1.,2020,196
25,CSJ APURIMAC,INGRESOS,DELITOS CONTRA EL PATRIMONIO,Extorsión. - Art. 200.1.,2021,273
26,CSJ APURIMAC,INGRESOS,DELITOS CONTRA EL PATRIMONIO,Extorsión. - Art. 200.2.,2021,24
27,CSJ APURIMAC,INGRESOS,DELITOS CONTRA EL PATRIMONIO,Extorsión. - Art. 200.2.,2022,17
28,CSJ APURIMAC,INGRESOS,DELITOS CONTRA EL PATRIMONIO,Extorsión. - Art. 200.1.,2022,117
"",CSJ APURIMAC-MBJ,,,,,
29,,INGRESOS,DELITOS CONTRA EL PATRIMONIO,Extorsión. - Art. 200.2.,2020,12
"",ANDAHUAYLAS,,,,,
"",CSJ APURIMAC-MBJ,,,,,
30,,INGRESOS,DELITOS CONTRA EL PATRIMONIO,Extorsión. - Art. 200.1.,2020,49
"",ANDAHUAYLAS,,,,,
ITEM,CORTE,INDICADOR,DELITO,ARTICULO,AÑO,CANTIDAD
31,CSJ AREQUIPA,INGRESOS,DELITOS CONTRA EL PATRIMONIO,Extorsión. - Art. 200.1.,2020,1255
32,CSJ AREQUIPA,INGRESOS,DELITOS CONTRA EL PATRIMONIO,Extorsión. - Art. 200.3.,2020,317
33,CSJ AREQUIPA,INGRESOS,DELITOS CONTRA EL PATRIMONIO,Extorsión. - Art. 200.2.,2020,290
34,CSJ AREQUIPA,INGRESOS,DELITOS CONTRA EL PATRIMONIO,Extorsión. - Art. 200.1.,2021,1508
35,CSJ AREQUIPA,INGRESOS,DELITOS CONTRA EL PATRIMONIO,Extorsión. - Art. 200.3.,2021,411
36,CSJ AREQUIPA,INGRESOS,DELITOS CONTRA EL PATRIMONIO,Extorsión. - Art. 200.2.,2021,520
37,CSJ AREQUIPA,INGRESOS,DELITOS CONTRA EL PATRIMONIO,Extorsión. - Art. 200.2.,2022,278
38,CSJ AREQUIPA,INGRESOS,DELITOS CONTRA EL PATRIMONIO,Extorsión. - Art. 200.3.,2022,359
39,CSJ AREQUIPA,INGRESOS,DELITOS CONTRA EL PATRIMONIO,Extorsión. - Art. 200.1.,2022,1165
40,CSJ AYACUCHO,INGRESOS,DELITOS CONTRA EL PATRIMONIO,Extorsión. - Art. 200.2.,2020,25
41,CSJ AYACUCHO,INGRESOS,DELITOS CONTRA EL PATRIMONIO,Extorsión. - Art. 200.1.,2020,361
42,CSJ AYACUCHO,INGRESOS,DELITOS CONTRA EL PATRIMONIO,Extorsión. - Art. 200.3.,2020,25
43,CSJ AYACUCHO,INGRESOS,DELITOS CONTRA EL PATRIMONIO,Extorsión. - Art. 200.2.,2021,27
44,CSJ AYACUCHO,INGRESOS,DELITOS CONTRA EL PATRIMONIO,Extorsión. - Art. 200.3.,2021,43
45,CSJ AYACUCHO,INGRESOS,DELITOS CONTRA EL PATRIMONIO,Extorsión. - Art. 200.1.,2021,665
46,CSJ AYACUCHO,INGRESOS,DELITOS CONTRA EL PATRIMONIO,Extorsión. - Art. 200.2.,2022,25
47,CSJ AYACUCHO,INGRESOS,DELITOS CONTRA EL PATRIMONIO,Extorsión. - Art. 200.1.,2022,547
48,CSJ AYACUCHO,INGRESOS,DELITOS CONTRA EL PATRIMONIO,Extorsión. - Art. 200.3.,2022,24
49,CSJ AYACUCHO - HUANTA,INGRESOS,DELITOS CONTRA EL PATRIMONIO,Extorsión. - Art. 200.1.,2020,206
50,CSJ AYACUCHO - SAN MIGUEL,INGRESOS,DELITOS CONTRA EL PATRIMONIO,Extorsión. - Art. 200.1.,2020,1
51,CSJ AYACUCHO - VRAEM,INGRESOS,DELITOS CONTRA EL PATRIMONIO,Extorsión. - Art. 200.1.,2020,1
52,CSJ CAJAMARCA,INGRESOS,DELITOS CONTRA EL PATRIMONIO,Extorsión. - Art. 200.3.,2020,128
53,CSJ CAJAMARCA,INGRESOS,DELITOS CONTRA EL PATRIMONIO,Extorsión. - Art. 200.2.,2020,148
54,CSJ CAJAMARCA,INGRESOS,DELITOS CONTRA EL PATRIMONIO,Extorsión. - Art. 200.1.,2020,1339
55,CSJ CAJAMARCA,INGRESOS,DELITOS CONTRA EL PATRIMONIO,Extorsión. - Art. 200.2.,2021,84
56,CSJ CAJAMARCA,INGRESOS,DELITOS CONTRA EL PATRIMONIO,Extorsión. - Art. 200.1.,2021,1311
57,CSJ CAJAMARCA,INGRESOS,DELITOS CONTRA EL PATRIMONIO,Extorsión. - Art. 200.3.,2021,99
58,CSJ CAJAMARCA,INGRESOS,DELITOS CONTRA EL PATRIMONIO,Extorsión. - Art. 200.2.,2022,110
59,CSJ CAJAMARCA,INGRESOS,DELITOS CONTRA EL PATRIMONIO,Extorsión. - Art. 200.3.,2022,11
60,CSJ CAJAMARCA,INGRESOS,DELITOS CONTRA EL PATRIMONIO,Extorsión. - Art. 200.1.,2022,1254
ITEM,CORTE,INDICADOR,DELITO,ARTICULO,AÑO,CANTIDAD
61,CSJ CALLAO,INGRESOS,DELITOS CONTRA EL PATRIMONIO,Extorsión. - Art. 200.2.,2020,130
62,CSJ CALLAO,INGRESOS,DELITOS CONTRA EL PATRIMONIO,Extorsión. - Art. 200.1.,2020,993
63,CSJ CALLAO,INGRESOS,DELITOS CONTRA EL PATRIMONIO,Extorsión. - Art. 200.3.,2020,16
64,CSJ CALLAO,INGRESOS,DELITOS CONTRA EL PATRIMONIO,Extorsión. - Art. 200.2.,2021,484
65,CSJ CALLAO,INGRESOS,DELITOS CONTRA EL PATRIMONIO,Extorsión. - Art. 200.1.,2021,1281
66,CSJ CALLAO,INGRESOS,DELITOS CONTRA EL PATRIMONIO,Extorsión. - Art. 200.3.,2021,18
67,CSJ CALLAO,INGRESOS,DELITOS CONTRA EL PATRIMONIO,Extorsión. - Art. 200.2.,2022,358
68,CSJ CALLAO,INGRESOS,DELITOS CONTRA EL PATRIMONIO,Extorsión. - Art. 200.1.,2022,1543
69,CSJ CALLAO,INGRESOS,DELITOS CONTRA EL PATRIMONIO,Extorsión. - Art. 200.3.,2022,77
70,CSJ CAÑETE,INGRESOS,DELITOS CONTRA EL PATRIMONIO,Extorsión. - Art. 200.1.,2020,1549
71,CSJ CAÑETE,INGRESOS,DELITOS CONTRA EL PATRIMONIO,Extorsión. - Art. 200.3.,2020,141
72,CSJ CAÑETE,INGRESOS,DELITOS CONTRA EL PATRIMONIO,Extorsión. - Art. 200.2.,2020,308
73,CSJ CAÑETE,INGRESOS,DELITOS CONTRA EL PATRIMONIO,Extorsión. - Art. 200.2.,2021,535
74,CSJ CAÑETE,INGRESOS,DELITOS CONTRA EL PATRIMONIO,Extorsión. - Art. 200.1.,2021,1518
75,CSJ CAÑETE,INGRESOS,DELITOS CONTRA EL PATRIMONIO,Extorsión. - Art. 200.3.,2021,115
76,CSJ CAÑETE,INGRESOS,DELITOS CONTRA EL PATRIMONIO,Extorsión. - Art. 200.2.,2022,194
77,CSJ CAÑETE,INGRESOS,DELITOS CONTRA EL PATRIMONIO,Extorsión. - Art. 200.1.,2022,1468
78,CSJ CAÑETE,INGRESOS,DELITOS CONTRA EL PATRIMONIO,Extorsión. - Art. 200.3.,2022,134
79,"CSJ CSJEDD DE CRIMENORGANIZADO Y DECORRUPCION DEFUNCIONARIOS",INGRESOS,DELITOS CONTRA EL PATRIMONIO,Extorsión. - Art. 200.2.,2020,306
80,"CSJ CSJEDD DE CRIMENORGANIZADO Y DECORRUPCION DEFUNCIONARIOS",INGRESOS,DELITOS CONTRA EL PATRIMONIO,Extorsión. - Art. 200.1.,2020,731
81,"CSJ CSJEDD DE CRIMENORGANIZADO Y DECORRUPCION DEFUNCIONARIOS",INGRESOS,DELITOS CONTRA EL PATRIMONIO,Extorsión. - Art. 200.3.,2020,410
82,"CSJ CSJEDD DE CRIMENORGANIZADO Y DECORRUPCION DEFUNCIONARIOS",INGRESOS,DELITOS CONTRA EL PATRIMONIO,Extorsión. - Art. 200.2.,2021,355
83,"CSJ CSJEDD DE CRIMENORGANIZADO Y DECORRUPCION DEFUNCIONARIOS",INGRESOS,DELITOS CONTRA EL PATRIMONIO,Extorsión. - Art. 200.3.,2021,485
84,"CSJ CSJEDD DE CRIMENORGANIZADO Y DECORRUPCION DEFUNCIONARIOS",INGRESOS,DELITOS CONTRA EL PATRIMONIO,Extorsión. - Art. 200.1.,2021,868
85,"CSJ CSJEDD DE CRIMENORGANIZADO Y DECORRUPCION DEFUNCIONARIOS",INGRESOS,DELITOS CONTRA EL PATRIMONIO,Extorsión. - Art. 200.2.,2022,368
86,"CSJ CSJEDD DE CRIMENORGANIZADO Y DECORRUPCION DEFUNCIONARIOS",INGRESOS,DELITOS CONTRA EL PATRIMONIO,Extorsión. - Art. 200.1.,2022,766
87,"CSJ CSJEDD DE CRIMENORGANIZADO Y DECORRUPCION DEFUNCIONARIOS",INGRESOS,DELITOS CONTRA EL PATRIMONIO,Extorsión. - Art. 200.3.,2022,273
88,CSJ CUSCO,INGRESOS,DELITOS CONTRA EL PATRIMONIO,Extorsión. - Art. 200.1.,2020,588
89,CSJ CUSCO,INGRESOS,DELITOS CONTRA EL PATRIMONIO,Extorsión. - Art. 200.3.,2020,101
90,CSJ CUSCO,INGRESOS,DELITOS CONTRA EL PATRIMONIO,Extorsión. - Art. 200.2.,2020,150
ITEM,CORTE,INDICADOR,DELITO,ARTICULO,AÑO,CANTIDAD
91,CSJ CUSCO,INGRESOS,DELITOS CONTRA EL PATRIMONIO,Extorsión. - Art. 200.3.,2021,72
92,CSJ CUSCO,INGRESOS,DELITOS CONTRA EL PATRIMONIO,Extorsión. - Art. 200.1.,2021,500
93,CSJ CUSCO,INGRESOS,DELITOS CONTRA EL PATRIMONIO,Extorsión. - Art. 200.2.,2021,39
94,CSJ CUSCO,INGRESOS,DELITOS CONTRA EL PATRIMONIO,Extorsión. - Art. 200.3.,2022,129
95,CSJ CUSCO,INGRESOS,DELITOS CONTRA EL PATRIMONIO,Extorsión. - Art. 200.2.,2022,50
96,CSJ CUSCO,INGRESOS,DELITOS CONTRA EL PATRIMONIO,Extorsión. - Art. 200.1.,2022,543
97,CSJ DEL SANTA,INGRESOS,DELITOS CONTRA EL PATRIMONIO,Extorsión. - Art. 200.2.,2020,250
98,CSJ DEL SANTA,INGRESOS,DELITOS CONTRA EL PATRIMONIO,Extorsión. - Art. 200.1.,2020,3415
99,CSJ DEL SANTA,INGRESOS,DELITOS CONTRA EL PATRIMONIO,Extorsión. - Art. 200.3.,2020,328
100,CSJ DEL SANTA,INGRESOS,DELITOS CONTRA EL PATRIMONIO,Extorsión. - Art. 200.2.,2021,239
101,CSJ DEL SANTA,INGRESOS,DELITOS CONTRA EL PATRIMONIO,Extorsión. - Art. 200.1.,2021,3419
102,CSJ DEL SANTA,INGRESOS,DELITOS CONTRA EL PATRIMONIO,Extorsión. - Art. 200.3.,2021,366
103,CSJ DEL SANTA,INGRESOS,DELITOS CONTRA EL PATRIMONIO,Extorsión. - Art. 200.2.,2022,248
104,CSJ DEL SANTA,INGRESOS,DELITOS CONTRA EL PATRIMONIO,Extorsión. - Art. 200.1.,2022,3980
105,CSJ DEL SANTA,INGRESOS,DELITOS CONTRA EL PATRIMONIO,Extorsión. - Art. 200.3.,2022,470
106,CSJ HUANCAVELICA,INGRESOS,DELITOS CONTRA EL PATRIMONIO,Extorsión. - Art. 200.1.,2020,132
107,CSJ HUANCAVELICA,INGRESOS,DELITOS CONTRA EL PATRIMONIO,Extorsión. - Art. 200.1.,2021,45
108,CSJ HUANCAVELICA,INGRESOS,DELITOS CONTRA EL PATRIMONIO,Extorsión. - Art. 200.1.,2022,74
109,CSJ HUANUCO,INGRESOS,DELITOS CONTRA EL PATRIMONIO,Extorsión. - Art. 200.2.,2020,95
110,CSJ HUANUCO,INGRESOS,DELITOS CONTRA EL PATRIMONIO,Extorsión. - Art. 200.1.,2020,2127
111,CSJ HUANUCO,INGRESOS,DELITOS CONTRA EL PATRIMONIO,Extorsión. - Art. 200.3.,2020,272
112,CSJ HUANUCO,INGRESOS,DELITOS CONTRA EL PATRIMONIO,Extorsión. - Art. 200.2.,2021,134
113,CSJ HUANUCO,INGRESOS,DELITOS CONTRA EL PATRIMONIO,Extorsión. - Art. 200.1.,2021,2036
114,CSJ HUANUCO,INGRESOS,DELITOS CONTRA EL PATRIMONIO,Extorsión. - Art. 200.3.,2021,265
115,CSJ HUANUCO,INGRESOS,DELITOS CONTRA EL PATRIMONIO,Extorsión. - Art. 200.2.,2022,157
116,CSJ HUANUCO,INGRESOS,DELITOS CONTRA EL PATRIMONIO,Extorsión. - Art. 200.1.,2022,2127
117,CSJ HUANUCO,INGRESOS,DELITOS CONTRA EL PATRIMONIO,Extorsión. - Art. 200.3.,2022,209
118,CSJ HUAURA,INGRESOS,DELITOS CONTRA EL PATRIMONIO,Extorsión - Art. 200.,2020,4080
119,CSJ HUAURA,INGRESOS,DELITOS CONTRA EL PATRIMONIO,Extorsión. - Art. 200.1.,2020,644
120,CSJ HUAURA,INGRESOS,DELITOS CONTRA EL PATRIMONIO,Extorsión. - Art. 200.3.,2020,317
ITEM,CORTE,INDICADOR,DELITO,ARTICULO,AÑO,CANTIDAD
121,CSJ HUAURA,INGRESOS,DELITOS CONTRA EL PATRIMONIO,Extorsión. - Art. 200.2.,2020,167
122,CSJ HUAURA,INGRESOS,DELITOS CONTRA EL PATRIMONIO,Extorsión - Art. 200.,2021,3077
123,CSJ HUAURA,INGRESOS,DELITOS CONTRA EL PATRIMONIO,Extorsión. - Art. 200.2.,2021,149
124,CSJ HUAURA,INGRESOS,DELITOS CONTRA EL PATRIMONIO,Extorsión. - Art. 200.1.,2021,531
125,CSJ HUAURA,INGRESOS,DELITOS CONTRA EL PATRIMONIO,Extorsión. - Art. 200.3.,2021,282
126,CSJ HUAURA,INGRESOS,DELITOS CONTRA EL PATRIMONIO,Extorsión - Art. 200.,2022,2985
127,CSJ HUAURA,INGRESOS,DELITOS CONTRA EL PATRIMONIO,Extorsión. - Art. 200.2.,2022,179
128,CSJ HUAURA,INGRESOS,DELITOS CONTRA EL PATRIMONIO,Extorsión. - Art. 200.1.,2022,406
129,CSJ HUAURA,INGRESOS,DELITOS CONTRA EL PATRIMONIO,Extorsión. - Art. 200.3.,2022,48
130,CSJ ICA,INGRESOS,DELITOS CONTRA EL PATRIMONIO,Extorsión. - Art. 200.1.,2020,3515
131,CSJ ICA,INGRESOS,DELITOS CONTRA EL PATRIMONIO,Extorsión. - Art. 200.3.,2020,716
132,CSJ ICA,INGRESOS,DELITOS CONTRA EL PATRIMONIO,Extorsión. - Art. 200.2.,2020,1540
133,CSJ ICA,INGRESOS,DELITOS CONTRA EL PATRIMONIO,Extorsión. - Art. 200.2.,2021,1200
134,CSJ ICA,INGRESOS,DELITOS CONTRA EL PATRIMONIO,Extorsión. - Art. 200.1.,2021,3714
135,CSJ ICA,INGRESOS,DELITOS CONTRA EL PATRIMONIO,Extorsión. - Art. 200.3.,2021,417
136,CSJ ICA,INGRESOS,DELITOS CONTRA EL PATRIMONIO,Extorsión. - Art. 200.2.,2022,1255
137,CSJ ICA,INGRESOS,DELITOS CONTRA EL PATRIMONIO,Extorsión. - Art. 200.3.,2022,346
138,CSJ ICA,INGRESOS,DELITOS CONTRA EL PATRIMONIO,Extorsión. - Art. 200.1.,2022,4297
139,CSJ JUNIN,INGRESOS,DELITOS CONTRA EL PATRIMONIO,Extorsión. - Art. 200.3.,2020,60
140,CSJ JUNIN,INGRESOS,DELITOS CONTRA EL PATRIMONIO,Extorsión. - Art. 200.1.,2020,392
141,CSJ JUNIN,INGRESOS,DELITOS CONTRA EL PATRIMONIO,Extorsión. - Art. 200.2.,2020,116
142,CSJ JUNIN,INGRESOS,DELITOS CONTRA EL PATRIMONIO,Extorsión. - Art. 200.2.,2021,89
143,CSJ JUNIN,INGRESOS,DELITOS CONTRA EL PATRIMONIO,Extorsión. - Art. 200.1.,2021,440
144,CSJ JUNIN,INGRESOS,DELITOS CONTRA EL PATRIMONIO,Extorsión. - Art. 200.3.,2021,37
145,CSJ JUNIN,INGRESOS,DELITOS CONTRA EL PATRIMONIO,Extorsión. - Art. 200.2.,2022,73
146,CSJ JUNIN,INGRESOS,DELITOS CONTRA EL PATRIMONIO,Extorsión. - Art. 200.3.,2022,72
147,CSJ JUNIN,INGRESOS,DELITOS CONTRA EL PATRIMONIO,Extorsión. - Art. 200.1.,2022,364
148,CSJ LA LIBERTAD,INGRESOS,DELITOS CONTRA EL PATRIMONIO,Extorsión. - Art. 200.2.,2020,1837
149,CSJ LA LIBERTAD,INGRESOS,DELITOS CONTRA EL PATRIMONIO,Extorsión. - Art. 200.1.,2020,12867
150,CSJ LA LIBERTAD,INGRESOS,DELITOS CONTRA EL PATRIMONIO,Extorsión. - Art. 200.3.,2020,986
ITEM,CORTE,INDICADOR,DELITO,ARTICULO,AÑO,CANTIDAD
151,CSJ LA LIBERTAD,INGRESOS,DELITOS CONTRA EL PATRIMONIO,Extorsión. - Art. 200.2.,2021,2610
152,CSJ LA LIBERTAD,INGRESOS,DELITOS CONTRA EL PATRIMONIO,Extorsión. - Art. 200.1.,2021,18697
153,CSJ LA LIBERTAD,INGRESOS,DELITOS CONTRA EL PATRIMONIO,Extorsión. - Art. 200.3.,2021,1974
154,CSJ LA LIBERTAD,INGRESOS,DELITOS CONTRA EL PATRIMONIO,Extorsión. - Art. 200.2.,2022,2284
155,CSJ LA LIBERTAD,INGRESOS,DELITOS CONTRA EL PATRIMONIO,Extorsión. - Art. 200.1.,2022,14806
156,CSJ LA LIBERTAD,INGRESOS,DELITOS CONTRA EL PATRIMONIO,Extorsión. - Art. 200.3.,2022,1833
157,CSJ LA LIBERTAD - ASCOPE,INGRESOS,DELITOS CONTRA EL PATRIMONIO,Extorsión. - Art. 200.1.,2020,1903
158,CSJ LA LIBERTAD - ASCOPE,INGRESOS,DELITOS CONTRA EL PATRIMONIO,Extorsión. - Art. 200.3.,2020,24
159,CSJ LA LIBERTAD - ASCOPE,INGRESOS,DELITOS CONTRA EL PATRIMONIO,Extorsión. - Art. 200.2.,2020,24
160,CSJ LA LIBERTAD - CHEPEN,INGRESOS,DELITOS CONTRA EL PATRIMONIO,Extorsión. - Art. 200.1.,2020,2567
161,CSJ LA LIBERTAD - CHEPEN,INGRESOS,DELITOS CONTRA EL PATRIMONIO,Extorsión. - Art. 200.3.,2020,92
162,CSJ LA LIBERTAD - CHEPEN,INGRESOS,DELITOS CONTRA EL PATRIMONIO,Extorsión. - Art. 200.2.,2020,36
"",CSJ LA LIBERTAD -,,,,,
163,,INGRESOS,DELITOS CONTRA EL PATRIMONIO,Extorsión. - Art. 200.2.,2020,44
"",HUAMACHUCO,,,,,
"",CSJ LA LIBERTAD -,,,,,
164,,INGRESOS,DELITOS CONTRA EL PATRIMONIO,Extorsión. - Art. 200.1.,2020,463
"",HUAMACHUCO,,,,,
"",CSJ LA LIBERTAD -,,,,,
165,,INGRESOS,DELITOS CONTRA EL PATRIMONIO,Extorsión. - Art. 200.3.,2020,77
"",HUAMACHUCO,,,,,
166,CSJ LA LIBERTAD - OTUZCO,INGRESOS,DELITOS CONTRA EL PATRIMONIO,Extorsión. - Art. 200.3.,2020,33
167,CSJ LA LIBERTAD - OTUZCO,INGRESOS,DELITOS CONTRA EL PATRIMONIO,Extorsión. - Art. 200.1.,2020,180
168,CSJ LA LIBERTAD - OTUZCO,INGRESOS,DELITOS CONTRA EL PATRIMONIO,Extorsión. - Art. 200.2.,2020,69
169,CSJ LA LIBERTAD - PAIJAN,INGRESOS,DELITOS CONTRA EL PATRIMONIO,Extorsión. - Art. 200.1.,2020,1065
170,CSJ LA LIBERTAD - PAIJAN,INGRESOS,DELITOS CONTRA EL PATRIMONIO,Extorsión. - Art. 200.2.,2020,172
171,CSJ LA LIBERTAD - PAIJAN,INGRESOS,DELITOS CONTRA EL PATRIMONIO,Extorsión. - Art. 200.3.,2020,130
172,CSJ LA LIBERTAD - SAN PEDRO,INGRESOS,DELITOS CONTRA EL PATRIMONIO,Extorsión. - Art. 200.2.,2020,197
173,CSJ LA LIBERTAD - SAN PEDRO,INGRESOS,DELITOS CONTRA EL PATRIMONIO,Extorsión. - Art. 200.3.,2020,697
174,CSJ LA LIBERTAD - SAN PEDRO,INGRESOS,DELITOS CONTRA EL PATRIMONIO,Extorsión. - Art. 200.1.,2020,1931
175,CSJ LA LIBERTAD - VIRU,INGRESOS,DELITOS CONTRA EL PATRIMONIO,Extorsión. - Art. 200.3.,2020,1
176,CSJ LA LIBERTAD - VIRU,INGRESOS,DELITOS CONTRA EL PATRIMONIO,Extorsión. - Art. 200.2.,2020,55
177,CSJ LA LIBERTAD - VIRU,INGRESOS,DELITOS CONTRA EL PATRIMONIO,Extorsión. - Art. 200.1.,2020,599
178,CSJ LAMBAYEQUE,INGRESOS,DELITOS CONTRA EL PATRIMONIO,Extorsión. - Art. 200.1.,2020,4976
179,CSJ LAMBAYEQUE,INGRESOS,DELITOS CONTRA EL PATRIMONIO,Extorsión. - Art. 200.3.,2020,574
180,CSJ LAMBAYEQUE,INGRESOS,DELITOS CONTRA EL PATRIMONIO,Extorsión. - Art. 200.2.,2020,845
ITEM,CORTE,INDICADOR,DELITO,ARTICULO,AÑO,CANTIDAD
181,CSJ LAMBAYEQUE,INGRESOS,DELITOS CONTRA EL PATRIMONIO,Extorsión. - Art. 200.2.,2021,832
182,CSJ LAMBAYEQUE,INGRESOS,DELITOS CONTRA EL PATRIMONIO,Extorsión. - Art. 200.1.,2021,6482
183,CSJ LAMBAYEQUE,INGRESOS,DELITOS CONTRA EL PATRIMONIO,Extorsión. - Art. 200.3.,2021,852
184,CSJ LAMBAYEQUE,INGRESOS,DELITOS CONTRA EL PATRIMONIO,Extorsión. - Art. 200.2.,2022,725
185,CSJ LAMBAYEQUE,INGRESOS,DELITOS CONTRA EL PATRIMONIO,Extorsión. - Art. 200.3.,2022,508
186,CSJ LAMBAYEQUE,INGRESOS,DELITOS CONTRA EL PATRIMONIO,Extorsión. - Art. 200.1.,2022,5141
187,CSJ LIMA - ANTICORRUPCION,INGRESOS,DELITOS CONTRA EL PATRIMONIO,Extorsión. - Art. 200.1.,2020,55
188,CSJ LIMA - ANTICORRUPCION,INGRESOS,DELITOS CONTRA EL PATRIMONIO,Extorsión. - Art. 200.2.,2021,32
189,CSJ LIMA - ANTICORRUPCION,INGRESOS,DELITOS CONTRA EL PATRIMONIO,Extorsión. - Art. 200.1.,2021,235
190,CSJ LIMA - ANTICORRUPCION,INGRESOS,DELITOS CONTRA EL PATRIMONIO,Extorsión. - Art. 200.3.,2021,11
191,CSJ LIMA - ANTICORRUPCION,INGRESOS,DELITOS CONTRA EL PATRIMONIO,Extorsión. - Art. 200.2.,2022,148
192,CSJ LIMA - ANTICORRUPCION,INGRESOS,DELITOS CONTRA EL PATRIMONIO,Extorsión. - Art. 200.1.,2022,1124
193,CSJ LIMA - ANTICORRUPCION,INGRESOS,DELITOS CONTRA EL PATRIMONIO,Extorsión. - Art. 200.3.,2022,93
194,CSJ LIMA - Penal,INGRESOS,DELITOS CONTRA EL PATRIMONIO,Extorsión. - Art. 200.2.,2020,481
195,CSJ LIMA - Penal,INGRESOS,DELITOS CONTRA EL PATRIMONIO,Extorsión. - Art. 200.1.,2020,5194
196,CSJ LIMA - Penal,INGRESOS,DELITOS CONTRA EL PATRIMONIO,Extorsión. - Art. 200.3.,2020,951
197,CSJ LIMA - Penal,INGRESOS,DELITOS CONTRA EL PATRIMONIO,Extorsión. - Art. 200.2.,2021,559
198,CSJ LIMA - Penal,INGRESOS,DELITOS CONTRA EL PATRIMONIO,Extorsión. - Art. 200.3.,2021,1055
199,CSJ LIMA - Penal,INGRESOS,DELITOS CONTRA EL PATRIMONIO,Extorsión. - Art. 200.1.,2021,6099
200,CSJ LIMA - Penal,INGRESOS,DELITOS CONTRA EL PATRIMONIO,Extorsión. - Art. 200.2.,2022,352
201,CSJ LIMA - Penal,INGRESOS,DELITOS CONTRA EL PATRIMONIO,Extorsión. - Art. 200.1.,2022,4081
202,CSJ LIMA - Penal,INGRESOS,DELITOS CONTRA EL PATRIMONIO,Extorsión. - Art. 200.3.,2022,780
203,CSJ Lima Este,INGRESOS,DELITOS CONTRA EL PATRIMONIO,Extorsión. - Art. 200.2.,2020,210
204,CSJ Lima Este,INGRESOS,DELITOS CONTRA EL PATRIMONIO,Extorsión. - Art. 200.1.,2020,2497
205,CSJ Lima Este,INGRESOS,DELITOS CONTRA EL PATRIMONIO,Extorsión. - Art. 200.3.,2020,296
206,CSJ Lima Este,INGRESOS,DELITOS CONTRA EL PATRIMONIO,Extorsión. - Art. 200.2.,2021,389
207,CSJ Lima Este,INGRESOS,DELITOS CONTRA EL PATRIMONIO,Extorsión. - Art. 200.1.,2021,3076
208,CSJ Lima Este,INGRESOS,DELITOS CONTRA EL PATRIMONIO,Extorsión. - Art. 200.3.,2021,292
209,CSJ Lima Este,INGRESOS,DELITOS CONTRA EL PATRIMONIO,Extorsión. - Art. 200.2.,2022,453
210,CSJ Lima Este,INGRESOS,DELITOS CONTRA EL PATRIMONIO,Extorsión. - Art. 200.1.,2022,2860
ITEM,CORTE,INDICADOR,DELITO,ARTICULO,AÑO,CANTIDAD
211,CSJ Lima Este,INGRESOS,DELITOS CONTRA EL PATRIMONIO,Extorsión. - Art. 200.3.,2022,307
212,CSJ LIMA NORTE,INGRESOS,DELITOS CONTRA EL PATRIMONIO,Extorsión. - Art. 200.3.,2020,129
213,CSJ LIMA NORTE,INGRESOS,DELITOS CONTRA EL PATRIMONIO,Extorsión. - Art. 200.2.,2020,262
214,CSJ LIMA NORTE,INGRESOS,DELITOS CONTRA EL PATRIMONIO,Extorsión. - Art. 200.1.,2020,2759
215,CSJ LIMA NORTE,INGRESOS,DELITOS CONTRA EL PATRIMONIO,Extorsión. - Art. 200.3.,2021,172
216,CSJ LIMA NORTE,INGRESOS,DELITOS CONTRA EL PATRIMONIO,Extorsión. - Art. 200.1.,2021,3646
217,CSJ LIMA NORTE,INGRESOS,DELITOS CONTRA EL PATRIMONIO,Extorsión. - Art. 200.2.,2021,626
218,CSJ LIMA NORTE,INGRESOS,DELITOS CONTRA EL PATRIMONIO,Extorsión. - Art. 200.3.,2022,162
219,CSJ LIMA NORTE,INGRESOS,DELITOS CONTRA EL PATRIMONIO,Extorsión. - Art. 200.2.,2022,334
220,CSJ LIMA NORTE,INGRESOS,DELITOS CONTRA EL PATRIMONIO,Extorsión. - Art. 200.1.,2022,2745
221,"CSJ LIMA SUR - Villa MariaTriunfo",INGRESOS,DELITOS CONTRA EL PATRIMONIO,Extorsión. - Art. 200.1.,2020,1027
222,"CSJ LIMA SUR - Villa MariaTriunfo",INGRESOS,DELITOS CONTRA EL PATRIMONIO,Extorsión. - Art. 200.2.,2020,103
223,"CSJ LIMA SUR - Villa MariaTriunfo",INGRESOS,DELITOS CONTRA EL PATRIMONIO,Extorsión. - Art. 200.3.,2020,267
224,"CSJ LIMA SUR - Villa MariaTriunfo",INGRESOS,DELITOS CONTRA EL PATRIMONIO,Extorsión. - Art. 200.2.,2021,31
225,"CSJ LIMA SUR - Villa MariaTriunfo",INGRESOS,DELITOS CONTRA EL PATRIMONIO,Extorsión. - Art. 200.3.,2021,112
226,"CSJ LIMA SUR - Villa MariaTriunfo",INGRESOS,DELITOS CONTRA EL PATRIMONIO,Extorsión. - Art. 200.1.,2021,745
227,"CSJ LIMA SUR - Villa MariaTriunfo",INGRESOS,DELITOS CONTRA EL PATRIMONIO,Extorsión. - Art. 200.2.,2022,91
228,"CSJ LIMA SUR - Villa MariaTriunfo",INGRESOS,DELITOS CONTRA EL PATRIMONIO,Extorsión. - Art. 200.1.,2022,1287
229,"CSJ LIMA SUR - Villa MariaTriunfo",INGRESOS,DELITOS CONTRA EL PATRIMONIO,Extorsión. - Art. 200.3.,2022,237
230,CSJ LORETO,INGRESOS,DELITOS CONTRA EL PATRIMONIO,Extorsión. - Art. 200.3.,2020,24
231,CSJ LORETO,INGRESOS,DELITOS CONTRA EL PATRIMONIO,Extorsión. - Art. 200.2.,2020,24
232,CSJ LORETO,INGRESOS,DELITOS CONTRA EL PATRIMONIO,Extorsión. - Art. 200.1.,2020,765
233,CSJ LORETO,INGRESOS,DELITOS CONTRA EL PATRIMONIO,Extorsión. - Art. 200.2.,2021,36
234,CSJ LORETO,INGRESOS,DELITOS CONTRA EL PATRIMONIO,Extorsión. - Art. 200.1.,2021,804
235,CSJ LORETO,INGRESOS,DELITOS CONTRA EL PATRIMONIO,Extorsión. - Art. 200.2.,2022,13
236,CSJ LORETO,INGRESOS,DELITOS CONTRA EL PATRIMONIO,Extorsión. - Art. 200.1.,2022,812
237,CSJ LORETO - CABALLO COCHA,INGRESOS,DELITOS CONTRA EL PATRIMONIO,Extorsión. - Art. 200.1.,2020,36
238,CSJ LORETO - CABALLO COCHA,INGRESOS,DELITOS CONTRA EL PATRIMONIO,Extorsión. - Art. 200.1.,2021,12
239,CSJ LORETO - CABALLO COCHA,INGRESOS,DELITOS CONTRA EL PATRIMONIO,Extorsión. - Art. 200.1.,2022,18
240,CSJ LORETO - DATEM,INGRESOS,DELITOS CONTRA EL PATRIMONIO,Extorsión. - Art. 200.1.,2020,179
ITEM,CORTE,INDICADOR,DELITO,ARTICULO,AÑO,CANTIDAD
241,CSJ LORETO - DATEM,INGRESOS,DELITOS CONTRA EL PATRIMONIO,Extorsión. - Art. 200.1.,2021,97
242,CSJ LORETO - DATEM,INGRESOS,DELITOS CONTRA EL PATRIMONIO,Extorsión. - Art. 200.1.,2022,50
243,CSJ LORETO - NAUTA,INGRESOS,DELITOS CONTRA EL PATRIMONIO,Extorsión. - Art. 200.1.,2020,24
244,CSJ LORETO - NAUTA,INGRESOS,DELITOS CONTRA EL PATRIMONIO,Extorsión. - Art. 200.3.,2020,12
245,CSJ LORETO - NAUTA,INGRESOS,DELITOS CONTRA EL PATRIMONIO,Extorsión. - Art. 200.1.,2022,11
246,CSJ LORETO - REQUENA,INGRESOS,DELITOS CONTRA EL PATRIMONIO,Extorsión. - Art. 200.1.,2020,33
247,CSJ MADRE DE DIOS,INGRESOS,DELITOS CONTRA EL PATRIMONIO,Extorsión. - Art. 200.2.,2020,75
248,CSJ MADRE DE DIOS,INGRESOS,DELITOS CONTRA EL PATRIMONIO,Extorsión. - Art. 200.3.,2020,36
249,CSJ MADRE DE DIOS,INGRESOS,DELITOS CONTRA EL PATRIMONIO,Extorsión. - Art. 200.1.,2020,441
250,CSJ MADRE DE DIOS,INGRESOS,DELITOS CONTRA EL PATRIMONIO,Extorsión. - Art. 200.2.,2021,134
251,CSJ MADRE DE DIOS,INGRESOS,DELITOS CONTRA EL PATRIMONIO,Extorsión. - Art. 200.3.,2021,38
252,CSJ MADRE DE DIOS,INGRESOS,DELITOS CONTRA EL PATRIMONIO,Extorsión. - Art. 200.1.,2021,313
253,CSJ MADRE DE DIOS,INGRESOS,DELITOS CONTRA EL PATRIMONIO,Extorsión. - Art. 200.2.,2022,69
254,CSJ MADRE DE DIOS,INGRESOS,DELITOS CONTRA EL PATRIMONIO,Extorsión. - Art. 200.1.,2022,402
255,CSJ MADRE DE DIOS,INGRESOS,DELITOS CONTRA EL PATRIMONIO,Extorsión. - Art. 200.3.,2022,61
256,CSJ MOQUEGUA,INGRESOS,DELITOS CONTRA EL PATRIMONIO,Extorsión. - Art. 200.1.,2020,168
257,CSJ MOQUEGUA,INGRESOS,DELITOS CONTRA EL PATRIMONIO,Extorsión. - Art. 200.3.,2020,11
258,CSJ MOQUEGUA,INGRESOS,DELITOS CONTRA EL PATRIMONIO,Extorsión. - Art. 200.3.,2021,12
259,CSJ MOQUEGUA,INGRESOS,DELITOS CONTRA EL PATRIMONIO,Extorsión. - Art. 200.1.,2021,159
260,CSJ MOQUEGUA,INGRESOS,DELITOS CONTRA EL PATRIMONIO,Extorsión. - Art. 200.1.,2022,55
261,CSJ MOQUEGUA,INGRESOS,DELITOS CONTRA EL PATRIMONIO,Extorsión. - Art. 200.3.,2022,45
262,CSJ MOQUEGUA - ILO,INGRESOS,DELITOS CONTRA EL PATRIMONIO,Extorsión. - Art. 200.1.,2020,122
263,CSJ MOQUEGUA - ILO,INGRESOS,DELITOS CONTRA EL PATRIMONIO,Extorsión. - Art. 200.2.,2021,4
264,CSJ MOQUEGUA - ILO,INGRESOS,DELITOS CONTRA EL PATRIMONIO,Extorsión. - Art. 200.1.,2021,92
265,CSJ MOQUEGUA - ILO,INGRESOS,DELITOS CONTRA EL PATRIMONIO,Extorsión. - Art. 200.2.,2022,10
266,CSJ MOQUEGUA - ILO,INGRESOS,DELITOS CONTRA EL PATRIMONIO,Extorsión. - Art. 200.1.,2022,62
267,CSJ PASCO,INGRESOS,DELITOS CONTRA EL PATRIMONIO,Extorsión. - Art. 200.3.,2020,50
268,CSJ PASCO,INGRESOS,DELITOS CONTRA EL PATRIMONIO,Extorsión. - Art. 200.1.,2020,411
269,CSJ PASCO,INGRESOS,DELITOS CONTRA EL PATRIMONIO,Extorsión. - Art. 200.2.,2021,29
270,CSJ PASCO,INGRESOS,DELITOS CONTRA EL PATRIMONIO,Extorsión. - Art. 200.1.,2021,245
ITEM,CORTE,INDICADOR,DELITO,ARTICULO,AÑO,CANTIDAD
271,CSJ PASCO,INGRESOS,DELITOS CONTRA EL PATRIMONIO,Extorsión. - Art. 200.3.,2021,307
272,CSJ PASCO,INGRESOS,DELITOS CONTRA EL PATRIMONIO,Extorsión. - Art. 200.1.,2022,421
273,CSJ PASCO,INGRESOS,DELITOS CONTRA EL PATRIMONIO,Extorsión. - Art. 200.3.,2022,176
274,CSJ PIURA,INGRESOS,DELITOS CONTRA EL PATRIMONIO,Extorsión. - Art. 200.1.,2020,7955
275,CSJ PIURA,INGRESOS,DELITOS CONTRA EL PATRIMONIO,Extorsión. - Art. 200.2.,2020,678
276,CSJ PIURA,INGRESOS,DELITOS CONTRA EL PATRIMONIO,Extorsión. - Art. 200.3.,2020,663
277,CSJ PIURA,INGRESOS,DELITOS CONTRA EL PATRIMONIO,Extorsión. - Art. 200.3.,2021,488
278,CSJ PIURA,INGRESOS,DELITOS CONTRA EL PATRIMONIO,Extorsión. - Art. 200.2.,2021,877
279,CSJ PIURA,INGRESOS,DELITOS CONTRA EL PATRIMONIO,Extorsión. - Art. 200.1.,2021,7079
280,CSJ PIURA,INGRESOS,DELITOS CONTRA EL PATRIMONIO,Extorsión. - Art. 200.3.,2022,347
281,CSJ PIURA,INGRESOS,DELITOS CONTRA EL PATRIMONIO,Extorsión. - Art. 200.1.,2022,5818
282,CSJ PIURA,INGRESOS,DELITOS CONTRA EL PATRIMONIO,Extorsión. - Art. 200.2.,2022,701
283,CSJ PIURA-SECHURA,INGRESOS,DELITOS CONTRA EL PATRIMONIO,Extorsión. - Art. 200.1.,2020,542
284,CSJ PIURA-SECHURA,INGRESOS,DELITOS CONTRA EL PATRIMONIO,Extorsión. - Art. 200.2.,2020,24
285,CSJ PIURA-SECHURA,INGRESOS,DELITOS CONTRA EL PATRIMONIO,Extorsión. - Art. 200.3.,2020,24
286,CSJ PIURA-SECHURA,INGRESOS,DELITOS CONTRA EL PATRIMONIO,Extorsión. - Art. 200.1.,2021,548
287,CSJ PIURA-SECHURA,INGRESOS,DELITOS CONTRA EL PATRIMONIO,Extorsión. - Art. 200.3.,2021,24
288,CSJ PIURA-SECHURA,INGRESOS,DELITOS CONTRA EL PATRIMONIO,Extorsión. - Art. 200.2.,2021,24
289,CSJ PIURA-TAMBOGRANDE,INGRESOS,DELITOS CONTRA EL PATRIMONIO,Extorsión. - Art. 200.3.,2020,53
290,CSJ PIURA-TAMBOGRANDE,INGRESOS,DELITOS CONTRA EL PATRIMONIO,Extorsión. - Art. 200.1.,2020,276
291,CSJ PIURA-TAMBOGRANDE,INGRESOS,DELITOS CONTRA EL PATRIMONIO,Extorsión. - Art. 200.2.,2021,12
292,CSJ PIURA-TAMBOGRANDE,INGRESOS,DELITOS CONTRA EL PATRIMONIO,Extorsión. - Art. 200.3.,2021,36
293,CSJ PIURA-TAMBOGRANDE,INGRESOS,DELITOS CONTRA EL PATRIMONIO,Extorsión. - Art. 200.1.,2021,290
294,CSJ PUNO,INGRESOS,DELITOS CONTRA EL PATRIMONIO,Extorsión. - Art. 200.2.,2020,60
295,CSJ PUNO,INGRESOS,DELITOS CONTRA EL PATRIMONIO,Extorsión. - Art. 200.1.,2020,490
296,CSJ PUNO,INGRESOS,DELITOS CONTRA EL PATRIMONIO,Extorsión. - Art. 200.2.,2021,57
297,CSJ PUNO,INGRESOS,DELITOS CONTRA EL PATRIMONIO,Extorsión. - Art. 200.1.,2021,450
298,CSJ PUNO,INGRESOS,DELITOS CONTRA EL PATRIMONIO,Extorsión. - Art. 200.1.,2022,324
299,CSJ PUNO,INGRESOS,DELITOS CONTRA EL PATRIMONIO,Extorsión. - Art. 200.2.,2022,10
300,CSJ SAN MARTIN,INGRESOS,DELITOS CONTRA EL PATRIMONIO,Extorsión. - Art. 200.3.,2020,6
ITEM,CORTE,INDICADOR,DELITO,ARTICULO,AÑO,CANTIDAD
301,CSJ SAN MARTIN,INGRESOS,DELITOS CONTRA EL PATRIMONIO,Extorsión. - Art. 200.1.,2020,297
302,CSJ SAN MARTIN,INGRESOS,DELITOS CONTRA EL PATRIMONIO,Extorsión. - Art. 200.2.,2021,168
303,CSJ SAN MARTIN,INGRESOS,DELITOS CONTRA EL PATRIMONIO,Extorsión. - Art. 200.3.,2021,343
304,CSJ SAN MARTIN,INGRESOS,DELITOS CONTRA EL PATRIMONIO,Extorsión. - Art. 200.1.,2021,1807
305,CSJ SAN MARTIN,INGRESOS,DELITOS CONTRA EL PATRIMONIO,Extorsión. - Art. 200.2.,2022,119
306,CSJ SAN MARTIN,INGRESOS,DELITOS CONTRA EL PATRIMONIO,Extorsión. - Art. 200.1.,2022,1653
307,CSJ SAN MARTIN,INGRESOS,DELITOS CONTRA EL PATRIMONIO,Extorsión. - Art. 200.3.,2022,218
308,CSJ SAN MARTIN - RIOJA,INGRESOS,DELITOS CONTRA EL PATRIMONIO,Extorsión. - Art. 200.3.,2020,68
309,CSJ SAN MARTIN - RIOJA,INGRESOS,DELITOS CONTRA EL PATRIMONIO,Extorsión. - Art. 200.1.,2020,207
310,CSJ SAN MARTIN - RIOJA,INGRESOS,DELITOS CONTRA EL PATRIMONIO,Extorsión. - Art. 200.2.,2020,47
311,CSJ SAN MARTIN - TARAPOTO,INGRESOS,DELITOS CONTRA EL PATRIMONIO,Extorsión. - Art. 200.3.,2020,73
312,CSJ SAN MARTIN - TARAPOTO,INGRESOS,DELITOS CONTRA EL PATRIMONIO,Extorsión. - Art. 200.1.,2020,607
313,CSJ SAN MARTIN - TARAPOTO,INGRESOS,DELITOS CONTRA EL PATRIMONIO,Extorsión. - Art. 200.2.,2020,24
314,CSJ SELVA CENTRAL,INGRESOS,DELITOS CONTRA EL PATRIMONIO,Extorsión. - Art. 200.1.,2020,265
315,CSJ SELVA CENTRAL,INGRESOS,DELITOS CONTRA EL PATRIMONIO,Extorsión. - Art. 200.1.,2021,320
316,CSJ SELVA CENTRAL,INGRESOS,DELITOS CONTRA EL PATRIMONIO,Extorsión. - Art. 200.2.,2022,23
317,CSJ SELVA CENTRAL,INGRESOS,DELITOS CONTRA EL PATRIMONIO,Extorsión. - Art. 200.1.,2022,461
318,CSJ SELVA CENTRAL,INGRESOS,DELITOS CONTRA EL PATRIMONIO,Extorsión. - Art. 200.3.,2022,24
319,"CSJ SELVA CENTRAL-OXAPAMPA",INGRESOS,DELITOS CONTRA EL PATRIMONIO,Extorsión. - Art. 200.2.,2020,24
320,"CSJ SELVA CENTRAL-OXAPAMPA",INGRESOS,DELITOS CONTRA EL PATRIMONIO,Extorsión. - Art. 200.1.,2020,74
321,"CSJ SELVA CENTRAL-OXAPAMPA",INGRESOS,DELITOS CONTRA EL PATRIMONIO,Extorsión. - Art. 200.2.,2021,24
322,"CSJ SELVA CENTRAL-OXAPAMPA",INGRESOS,DELITOS CONTRA EL PATRIMONIO,Extorsión. - Art. 200.1.,2021,62
323,"CSJ SELVA CENTRAL-PICHANAKI",INGRESOS,DELITOS CONTRA EL PATRIMONIO,Extorsión. - Art. 200.1.,2020,44
324,"CSJ SELVA CENTRAL-PICHANAKI",INGRESOS,DELITOS CONTRA EL PATRIMONIO,Extorsión. - Art. 200.2.,2021,11
325,"CSJ SELVA CENTRAL-PICHANAKI",INGRESOS,DELITOS CONTRA EL PATRIMONIO,Extorsión. - Art. 200.1.,2021,86
326,CSJ SELVA CENTRAL- SATIPO,INGRESOS,DELITOS CONTRA EL PATRIMONIO,Extorsión. - Art. 200.1.,2020,36
327,CSJ SULLANA,INGRESOS,DELITOS CONTRA EL PATRIMONIO,Extorsión. - Art. 200.2.,2020,260
328,CSJ SULLANA,INGRESOS,DELITOS CONTRA EL PATRIMONIO,Extorsión. - Art. 200.1.,2020,1467
329,CSJ SULLANA,INGRESOS,DELITOS CONTRA EL PATRIMONIO,Extorsión. - Art. 200.3.,2020,287
330,CSJ SULLANA,INGRESOS,DELITOS CONTRA EL PATRIMONIO,Extorsión. - Art. 200.2.,2021,479
ITEM,CORTE,INDICADOR,DELITO,ARTICULO,AÑO,CANTIDAD
331,CSJ SULLANA,INGRESOS,DELITOS CONTRA EL PATRIMONIO,Extorsión. - Art. 200.1.,2021,3339
332,CSJ SULLANA,INGRESOS,DELITOS CONTRA EL PATRIMONIO,Extorsión. - Art. 200.3.,2021,358
333,CSJ SULLANA,INGRESOS,DELITOS CONTRA EL PATRIMONIO,Extorsión. - Art. 200.2.,2022,273
334,CSJ SULLANA,INGRESOS,DELITOS CONTRA EL PATRIMONIO,Extorsión. - Art. 200.1.,2022,2198
335,CSJ SULLANA,INGRESOS,DELITOS CONTRA EL PATRIMONIO,Extorsión. - Art. 200.3.,2022,158
336,CSJ SULLANA - AYABACA,INGRESOS,DELITOS CONTRA EL PATRIMONIO,Extorsión. - Art. 200.1.,2020,234
337,CSJ SULLANA - AYABACA,INGRESOS,DELITOS CONTRA EL PATRIMONIO,Extorsión. - Art. 200.2.,2020,104
338,CSJ SULLANA - ORGANOS,INGRESOS,DELITOS CONTRA EL PATRIMONIO,Extorsión. - Art. 200.1.,2020,2
339,CSJ TACNA,INGRESOS,DELITOS CONTRA EL PATRIMONIO,Extorsión. - Art. 200.2.,2020,23
340,CSJ TACNA,INGRESOS,DELITOS CONTRA EL PATRIMONIO,Extorsión. - Art. 200.1.,2020,527
341,CSJ TACNA,INGRESOS,DELITOS CONTRA EL PATRIMONIO,Extorsión. - Art. 200.3.,2020,12
342,CSJ TACNA,INGRESOS,DELITOS CONTRA EL PATRIMONIO,Extorsión. - Art. 200.2.,2021,12
343,CSJ TACNA,INGRESOS,DELITOS CONTRA EL PATRIMONIO,Extorsión. - Art. 200.1.,2021,311
344,CSJ TACNA,INGRESOS,DELITOS CONTRA EL PATRIMONIO,Extorsión. - Art. 200.3.,2021,12
345,CSJ TACNA,INGRESOS,DELITOS CONTRA EL PATRIMONIO,Extorsión. - Art. 200.2.,2022,22
346,CSJ TACNA,INGRESOS,DELITOS CONTRA EL PATRIMONIO,Extorsión. - Art. 200.1.,2022,487
347,CSJ TACNA,INGRESOS,DELITOS CONTRA EL PATRIMONIO,Extorsión. - Art. 200.3.,2022,20
348,CSJ TUMBES,INGRESOS,DELITOS CONTRA EL PATRIMONIO,Extorsión. - Art. 200.1.,2020,1630
349,CSJ TUMBES,INGRESOS,DELITOS CONTRA EL PATRIMONIO,Extorsión. - Art. 200.3.,2020,104
350,CSJ TUMBES,INGRESOS,DELITOS CONTRA EL PATRIMONIO,Extorsión. - Art. 200.2.,2020,30
351,CSJ TUMBES,INGRESOS,DELITOS CONTRA EL PATRIMONIO,Extorsión. - Art. 200.1.,2021,1105
352,CSJ TUMBES,INGRESOS,DELITOS CONTRA EL PATRIMONIO,Extorsión. - Art. 200.3.,2021,60
353,CSJ TUMBES,INGRESOS,DELITOS CONTRA EL PATRIMONIO,Extorsión. - Art. 200.2.,2021,46
354,CSJ TUMBES,INGRESOS,DELITOS CONTRA EL PATRIMONIO,Extorsión. - Art. 200.2.,2022,89
355,CSJ TUMBES,INGRESOS,DELITOS CONTRA EL PATRIMONIO,Extorsión. - Art. 200.1.,2022,1151
356,CSJ TUMBES,INGRESOS,DELITOS CONTRA EL PATRIMONIO,Extorsión. - Art. 200.3.,2022,38
357,CSJ UCAYALI,INGRESOS,DELITOS CONTRA EL PATRIMONIO,Extorsión. - Art. 200.1.,2020,2373
358,CSJ UCAYALI,INGRESOS,DELITOS CONTRA EL PATRIMONIO,Extorsión. - Art. 200.3.,2020,96
359,CSJ UCAYALI,INGRESOS,DELITOS CONTRA EL PATRIMONIO,Extorsión. - Art. 200.2.,2020,82
360,CSJ UCAYALI,INGRESOS,DELITOS CONTRA EL PATRIMONIO,Extorsión. - Art. 200.2.,2021,91
ITEM,CORTE,INDICADOR,DELITO,ARTICULO,AÑO,CANTIDAD
361,CSJ UCAYALI,INGRESOS,DELITOS CONTRA EL PATRIMONIO,Extorsión. - Art. 200.3.,2021,126
362,CSJ UCAYALI,INGRESOS,DELITOS CONTRA EL PATRIMONIO,Extorsión. - Art. 200.1.,2021,2185
363,CSJ UCAYALI,INGRESOS,DELITOS CONTRA EL PATRIMONIO,Extorsión. - Art. 200.2.,2022,145
364,CSJ UCAYALI,INGRESOS,DELITOS CONTRA EL PATRIMONIO,Extorsión. - Art. 200.3.,2022,119
365,CSJ UCAYALI,INGRESOS,DELITOS CONTRA EL PATRIMONIO,Extorsión. - Art. 200.1.,2022,1648
366,CSJ VENTANILLA,INGRESOS,DELITOS CONTRA EL PATRIMONIO,Extorsión - Art. 200.9.1,2020,88
367,CSJ VENTANILLA,INGRESOS,DELITOS CONTRA EL PATRIMONIO,Extorsión - Art. 200.2,2020,69
368,CSJ VENTANILLA,INGRESOS,DELITOS CONTRA EL PATRIMONIO,Extorsión - Art. 200.1,2020,505
369,CSJ VENTANILLA,INGRESOS,DELITOS CONTRA EL PATRIMONIO,Extorsión - Art. 200.3,2020,9
370,CSJ VENTANILLA,INGRESOS,DELITOS CONTRA EL PATRIMONIO,Extorsión - Art. 200.1,2021,866
371,CSJ VENTANILLA,INGRESOS,DELITOS CONTRA EL PATRIMONIO,Extorsión - Art. 200.2,2021,84
372,CSJ VENTANILLA,INGRESOS,DELITOS CONTRA EL PATRIMONIO,Extorsión - Art. 200.3,2021,11
373,CSJ VENTANILLA,INGRESOS,DELITOS CONTRA EL PATRIMONIO,Extorsión - Art. 200.9.1,2021,148
374,CSJ VENTANILLA,INGRESOS,DELITOS CONTRA EL PATRIMONIO,Extorsión - Art. 200.1,2022,962
375,CSJ VENTANILLA,INGRESOS,DELITOS CONTRA EL PATRIMONIO,Extorsión - Art. 200.2.1,2022,3
376,CSJ VENTANILLA,INGRESOS,DELITOS CONTRA EL PATRIMONIO,Extorsión - Art. 200.3,2022,10
377,CSJ VENTANILLA,INGRESOS,DELITOS CONTRA EL PATRIMONIO,Extorsión - Art. 200.9.1,2022,191
378,CSJ VENTANILLA,INGRESOS,DELITOS CONTRA EL PATRIMONIO,Extorsión - Art. 200.2,2022,74
