ITEM,CORTE,ACTO PROCESAL,DELITO,ARTICULO,AÑO,CANTIDAD
1,CSJ AMAZONAS,SENTENCIA ABSOLUTORIA,DELITOS CONTRA EL PATRIMONIO,Extorsión. - Art. 200.1.,2020,10
2,CSJ AMAZONAS,SENTENCIA,DELITOS CONTRA EL PATRIMONIO,Extorsión. - Art. 200.1.,2021,1
3,CSJ AMAZONAS,SENTENCIA CONDENATORIA,DELITOS CONTRA EL PATRIMONIO,Extorsión. - Art. 200.3.,2022,16
4,CSJ AMAZONAS,SENTENCIA,DELITOS CONTRA EL PATRIMONIO,Extorsión. - Art. 200.1.,2022,5
5,CSJ ANCASH,SENTENCIA,DELITOS CONTRA EL PATRIMONIO,Extorsión. - Art. 200.1.,2020,4
6,CSJ ANCASH,SENTENCIA,DELITOS CONTRA EL PATRIMONIO,Extorsión. - Art. 200.2.,2020,1
7,CSJ ANCASH,SENTENCIA,DELITOS CONTRA EL PATRIMONIO,Extorsión. - Art. 200.1.,2021,5
8,CSJ ANCASH,SENTENCIA ABSOLUTORIA,DELITOS CONTRA EL PATRIMONIO,Extorsión. - Art. 200.1.,2021,14
9,CSJ ANCASH,SENTENCIA,DELITOS CONTRA EL PATRIMONIO,Extorsión. - Art. 200.2.,2022,1
10,CSJ ANCASH,SENTENCIA,DELITOS CONTRA EL PATRIMONIO,Extorsión. - Art. 200.1.,2022,12
11,CSJ ANCASH,SENTENCIA ABSOLUTORIA,DELITOS CONTRA EL PATRIMONIO,Extorsión. - Art. 200.2.,2022,4
12,CSJ ANCASH - YUNGAY,SENTENCIA,DELITOS CONTRA EL PATRIMONIO,Extorsión. - Art. 200.3.,2020,1
13,"CSJ APURIMAC-MBJANDAHUAYLAS",SENTENCIA CONDENATORIA,DELITOS CONTRA EL PATRIMONIO,Extorsión. - Art. 200.1.,2020,9
14,CSJ AREQUIPA,SENTENCIA CONDENATORIA,DELITOS CONTRA EL PATRIMONIO,Extorsión. - Art. 200.1.,2020,22
15,CSJ AREQUIPA,SENTENCIA,DELITOS CONTRA EL PATRIMONIO,Extorsión. - Art. 200.2.,2020,13
16,CSJ AREQUIPA,SENTENCIA FUNDADA,DELITOS CONTRA EL PATRIMONIO,Extorsión. - Art. 200.1.,2020,42
17,CSJ AREQUIPA,SENTENCIA,DELITOS CONTRA EL PATRIMONIO,Extorsión. - Art. 200.1.,2020,28
18,CSJ AREQUIPA,SENTENCIA,DELITOS CONTRA EL PATRIMONIO,Extorsión. - Art. 200.2.,2021,16
19,CSJ AREQUIPA,SENTENCIA ABSOLUTORIA,DELITOS CONTRA EL PATRIMONIO,Extorsión. - Art. 200.1.,2021,8
20,CSJ AREQUIPA,SENTENCIA CONDENATORIA,DELITOS CONTRA EL PATRIMONIO,Extorsión. - Art. 200.1.,2021,8
21,CSJ AREQUIPA,SENTENCIA,DELITOS CONTRA EL PATRIMONIO,Extorsión. - Art. 200.1.,2021,27
22,CSJ AREQUIPA,SENTENCIA,DELITOS CONTRA EL PATRIMONIO,Extorsión. - Art. 200.3.,2021,1
23,CSJ AREQUIPA,SENTENCIA FUNDADA,DELITOS CONTRA EL PATRIMONIO,Extorsión. - Art. 200.1.,2021,48
24,CSJ AREQUIPA,SENTENCIA,DELITOS CONTRA EL PATRIMONIO,Extorsión. - Art. 200.1.,2022,5
25,CSJ AREQUIPA,SENTENCIA REVOCADA,DELITOS CONTRA EL PATRIMONIO,Extorsión. - Art. 200.1.,2022,1
26,CSJ AREQUIPA,SENTENCIA FUNDADA,DELITOS CONTRA EL PATRIMONIO,Extorsión. - Art. 200.1.,2022,20
27,CSJ AREQUIPA,SENTENCIA ABSOLUTORIA,DELITOS CONTRA EL PATRIMONIO,Extorsión. - Art. 200.1.,2022,2
28,CSJ AREQUIPA,SENTENCIA CONDENATORIA,DELITOS CONTRA EL PATRIMONIO,Extorsión. - Art. 200.1.,2022,20
29,CSJ AYACUCHO,SENTENCIA ABSOLUTORIA,DELITOS CONTRA EL PATRIMONIO,Extorsión. - Art. 200.2.,2020,8
30,CSJ AYACUCHO,SENTENCIA,DELITOS CONTRA EL PATRIMONIO,Extorsión. - Art. 200.1.,2020,1
ITEM,CORTE,ACTO PROCESAL,DELITO,ARTICULO,AÑO,CANTIDAD
31,CSJ AYACUCHO,SENTENCIA,DELITOS CONTRA EL PATRIMONIO,Extorsión. - Art. 200.1.,2021,5
32,CSJ AYACUCHO,SENTENCIA CONDENATORIA,DELITOS CONTRA EL PATRIMONIO,Extorsión. - Art. 200.1.,2021,8
33,CSJ AYACUCHO,SENTENCIA,DELITOS CONTRA EL PATRIMONIO,Extorsión. - Art. 200.2.,2022,1
34,CSJ AYACUCHO,SENTENCIA CONDENATORIA,DELITOS CONTRA EL PATRIMONIO,Extorsión. - Art. 200.1.,2022,31
35,CSJ AYACUCHO - HUANTA,SENTENCIA CONDENATORIA,DELITOS CONTRA EL PATRIMONIO,Extorsión. - Art. 200.1.,2020,14
36,CSJ AYACUCHO - HUANTA,SENTENCIA,DELITOS CONTRA EL PATRIMONIO,Extorsión. - Art. 200.1.,2020,2
37,CSJ CAJAMARCA,SENTENCIA ABSOLUTORIA,DELITOS CONTRA EL PATRIMONIO,Extorsión. - Art. 200.3.,2020,20
38,CSJ CAJAMARCA,SENTENCIA CONDENATORIA,DELITOS CONTRA EL PATRIMONIO,Extorsión. - Art. 200.1.,2020,17
39,CSJ CAJAMARCA,SENTENCIA,DELITOS CONTRA EL PATRIMONIO,Extorsión. - Art. 200.2.,2020,1
40,CSJ CAJAMARCA,SENTENCIA,DELITOS CONTRA EL PATRIMONIO,Extorsión. - Art. 200.1.,2020,4
41,CSJ CAJAMARCA,SENTENCIA,DELITOS CONTRA EL PATRIMONIO,Extorsión. - Art. 200.1.,2021,4
42,CSJ CAJAMARCA,SENTENCIA CONDENATORIA,DELITOS CONTRA EL PATRIMONIO,Extorsión. - Art. 200.1.,2021,2
43,CSJ CAJAMARCA,SENTENCIA,DELITOS CONTRA EL PATRIMONIO,Extorsión. - Art. 200.1.,2022,2
44,CSJ CAJAMARCA,SENTENCIA CONDENATORIA,DELITOS CONTRA EL PATRIMONIO,Extorsión. - Art. 200.1.,2022,2
45,CSJ CAJAMARCA,SENTENCIA ABSOLUTORIA,DELITOS CONTRA EL PATRIMONIO,Extorsión. - Art. 200.1.,2022,6
46,CSJ CALLAO,SENTENCIA,DELITOS CONTRA EL PATRIMONIO,Extorsión. - Art. 200.1.,2020,13
47,CSJ CALLAO,SENTENCIA,DELITOS CONTRA EL PATRIMONIO,Extorsión. - Art. 200.2.,2020,1
48,CSJ CALLAO,SENTENCIA ABSOLUTORIA,DELITOS CONTRA EL PATRIMONIO,Extorsión. - Art. 200.1.,2020,24
49,CSJ CALLAO,SENTENCIA CONDENATORIA,DELITOS CONTRA EL PATRIMONIO,Extorsión. - Art. 200.1.,2020,18
50,CSJ CALLAO,SENTENCIA CONDENATORIA,DELITOS CONTRA EL PATRIMONIO,Extorsión. - Art. 200.2.,2021,38
51,CSJ CALLAO,SENTENCIA NULA,DELITOS CONTRA EL PATRIMONIO,Extorsión. - Art. 200.1.,2021,2
52,CSJ CALLAO,SENTENCIA,DELITOS CONTRA EL PATRIMONIO,Extorsión. - Art. 200.1.,2021,4
53,CSJ CALLAO,SENTENCIA ABSOLUTORIA,DELITOS CONTRA EL PATRIMONIO,Extorsión. - Art. 200.1.,2021,19
54,CSJ CALLAO,SENTENCIA CONDENATORIA,DELITOS CONTRA EL PATRIMONIO,Extorsión. - Art. 200.1.,2021,29
55,CSJ CALLAO,SENTENCIA CONFIRMADA,DELITOS CONTRA EL PATRIMONIO,Extorsión. - Art. 200.1.,2021,1
56,CSJ CALLAO,SENTENCIA ABSOLUTORIA,DELITOS CONTRA EL PATRIMONIO,Extorsión. - Art. 200.1.,2022,36
57,CSJ CALLAO,SENTENCIA CONDENATORIA,DELITOS CONTRA EL PATRIMONIO,Extorsión. - Art. 200.2.,2022,31
58,CSJ CALLAO,SENTENCIA,DELITOS CONTRA EL PATRIMONIO,Extorsión. - Art. 200.1.,2022,17
59,CSJ CALLAO,SENTENCIA CONDENATORIA,DELITOS CONTRA EL PATRIMONIO,Extorsión. - Art. 200.1.,2022,40
60,CSJ CAÑETE,SENTENCIA CONDENATORIA,DELITOS CONTRA EL PATRIMONIO,Extorsión. - Art. 200.1.,2020,18
ITEM,CORTE,ACTO PROCESAL,DELITO,ARTICULO,AÑO,CANTIDAD
61,CSJ CAÑETE,SENTENCIA,DELITOS CONTRA EL PATRIMONIO,Extorsión. - Art. 200.1.,2020,16
62,CSJ CAÑETE,SENTENCIA ABSOLUTORIA,DELITOS CONTRA EL PATRIMONIO,Extorsión. - Art. 200.1.,2020,16
63,CSJ CAÑETE,SENTENCIA CONDENATORIA,DELITOS CONTRA EL PATRIMONIO,Extorsión. - Art. 200.2.,2020,4
64,CSJ CAÑETE,SENTENCIA,DELITOS CONTRA EL PATRIMONIO,Extorsión. - Art. 200.2.,2020,9
65,CSJ CAÑETE,SENTENCIA NULA,DELITOS CONTRA EL PATRIMONIO,Extorsión. - Art. 200.1.,2020,4
66,CSJ CAÑETE,SENTENCIA ABSOLUTORIA,DELITOS CONTRA EL PATRIMONIO,Extorsión. - Art. 200.1.,2021,4
67,CSJ CAÑETE,SENTENCIA CONDENATORIA,DELITOS CONTRA EL PATRIMONIO,Extorsión. - Art. 200.1.,2021,11
68,CSJ CAÑETE,SENTENCIA,DELITOS CONTRA EL PATRIMONIO,Extorsión. - Art. 200.2.,2021,9
69,CSJ CAÑETE,SENTENCIA ABSOLUTORIA,DELITOS CONTRA EL PATRIMONIO,Extorsión. - Art. 200.2.,2021,5
70,CSJ CAÑETE,SENTENCIA NULA,DELITOS CONTRA EL PATRIMONIO,Extorsión. - Art. 200.1.,2021,8
71,CSJ CAÑETE,SENTENCIA,DELITOS CONTRA EL PATRIMONIO,Extorsión. - Art. 200.1.,2021,27
72,CSJ CAÑETE,SENTENCIA CONDENATORIA,DELITOS CONTRA EL PATRIMONIO,Extorsión. - Art. 200.1.,2022,28
73,CSJ CAÑETE,SENTENCIA,DELITOS CONTRA EL PATRIMONIO,Extorsión. - Art. 200.1.,2022,14
74,"CSJ CSJEDD DE CRIMENORGANIZADO Y DECORRUPCION DEFUNCIONARIOS",SENTENCIA,DELITOS CONTRA EL PATRIMONIO,Extorsión. - Art. 200.1.,2020,12
75,"CSJ CSJEDD DE CRIMENORGANIZADO Y DECORRUPCION DEFUNCIONARIOS",SENTENCIA,DELITOS CONTRA EL PATRIMONIO,Extorsión. - Art. 200.2.,2020,3
76,"CSJ CSJEDD DE CRIMENORGANIZADO Y DECORRUPCION DEFUNCIONARIOS",SENTENCIA CONDENATORIA,DELITOS CONTRA EL PATRIMONIO,Extorsión. - Art. 200.1.,2020,6
77,"CSJ CSJEDD DE CRIMENORGANIZADO Y DECORRUPCION DEFUNCIONARIOS",SENTENCIA,DELITOS CONTRA EL PATRIMONIO,Extorsión. - Art. 200.2.,2021,2
78,"CSJ CSJEDD DE CRIMENORGANIZADO Y DECORRUPCION DEFUNCIONARIOS",SENTENCIA,DELITOS CONTRA EL PATRIMONIO,Extorsión. - Art. 200.1.,2021,5
79,"CSJ CSJEDD DE CRIMENORGANIZADO Y DECORRUPCION DEFUNCIONARIOS",SENTENCIA CONDENATORIA,DELITOS CONTRA EL PATRIMONIO,Extorsión. - Art. 200.1.,2021,16
80,"CSJ CSJEDD DE CRIMENORGANIZADO Y DECORRUPCION DEFUNCIONARIOS",SENTENCIA,DELITOS CONTRA EL PATRIMONIO,Extorsión. - Art. 200.2.,2022,4
81,"CSJ CSJEDD DE CRIMENORGANIZADO Y DECORRUPCION DEFUNCIONARIOS",SENTENCIA NULA,DELITOS CONTRA EL PATRIMONIO,Extorsión. - Art. 200.1.,2022,2
82,"CSJ CSJEDD DE CRIMENORGANIZADO Y DECORRUPCION DEFUNCIONARIOS",SENTENCIA,DELITOS CONTRA EL PATRIMONIO,Extorsión. - Art. 200.1.,2022,13
83,"CSJ CSJEDD DE CRIMENORGANIZADO Y DECORRUPCION DEFUNCIONARIOS",SENTENCIA,DELITOS CONTRA EL PATRIMONIO,Extorsión. - Art. 200.3.,2022,8
84,CSJ CUSCO,SENTENCIA ABSOLUTORIA,DELITOS CONTRA EL PATRIMONIO,Extorsión. - Art. 200.3.,2020,4
85,CSJ CUSCO,SENTENCIA CONDENATORIA,DELITOS CONTRA EL PATRIMONIO,Extorsión. - Art. 200.1.,2020,2
86,CSJ CUSCO,SENTENCIA,DELITOS CONTRA EL PATRIMONIO,Extorsión. - Art. 200.3.,2020,3
87,CSJ CUSCO,SENTENCIA,DELITOS CONTRA EL PATRIMONIO,Extorsión. - Art. 200.1.,2020,4
88,CSJ CUSCO,SENTENCIA CONDENATORIA,DELITOS CONTRA EL PATRIMONIO,Extorsión. - Art. 200.2.,2020,10
89,CSJ CUSCO,SENTENCIA NULA,DELITOS CONTRA EL PATRIMONIO,Extorsión. - Art. 200.3.,2021,2
90,CSJ CUSCO,SENTENCIA,DELITOS CONTRA EL PATRIMONIO,Extorsión. - Art. 200.3.,2021,1
ITEM,CORTE,ACTO PROCESAL,DELITO,ARTICULO,AÑO,CANTIDAD
91,CSJ CUSCO,SENTENCIA,DELITOS CONTRA EL PATRIMONIO,Extorsión. - Art. 200.1.,2021,5
92,CSJ CUSCO,SENTENCIA CONDENATORIA,DELITOS CONTRA EL PATRIMONIO,Extorsión. - Art. 200.2.,2022,20
93,CSJ CUSCO,SENTENCIA,DELITOS CONTRA EL PATRIMONIO,Extorsión. - Art. 200.3.,2022,1
94,CSJ CUSCO,SENTENCIA,DELITOS CONTRA EL PATRIMONIO,Extorsión. - Art. 200.1.,2022,4
95,CSJ CUSCO,SENTENCIA CONDENATORIA,DELITOS CONTRA EL PATRIMONIO,Extorsión. - Art. 200.1.,2022,2
96,CSJ DEL SANTA,SENTENCIA,DELITOS CONTRA EL PATRIMONIO,Extorsión. - Art. 200.2.,2020,14
97,CSJ DEL SANTA,SENTENCIA CONDENATORIA,DELITOS CONTRA EL PATRIMONIO,Extorsión. - Art. 200.3.,2020,2
98,CSJ DEL SANTA,SENTENCIA NULA,DELITOS CONTRA EL PATRIMONIO,Extorsión. - Art. 200.1.,2020,6
99,CSJ DEL SANTA,SENTENCIA ABSOLUTORIA,DELITOS CONTRA EL PATRIMONIO,Extorsión. - Art. 200.1.,2020,30
100,CSJ DEL SANTA,SENTENCIA CONDENATORIA,DELITOS CONTRA EL PATRIMONIO,Extorsión. - Art. 200.1.,2020,16
101,CSJ DEL SANTA,SENTENCIA,DELITOS CONTRA EL PATRIMONIO,Extorsión. - Art. 200.1.,2020,14
102,CSJ DEL SANTA,SENTENCIA,DELITOS CONTRA EL PATRIMONIO,Extorsión. - Art. 200.3.,2020,3
103,CSJ DEL SANTA,SENTENCIA CONDENATORIA,DELITOS CONTRA EL PATRIMONIO,Extorsión. - Art. 200.1.,2021,28
104,CSJ DEL SANTA,SENTENCIA CONDENATORIA,DELITOS CONTRA EL PATRIMONIO,Extorsión. - Art. 200.3.,2021,9
105,CSJ DEL SANTA,SENTENCIA,DELITOS CONTRA EL PATRIMONIO,Extorsión. - Art. 200.2.,2021,12
106,CSJ DEL SANTA,SENTENCIA CONDENATORIA,DELITOS CONTRA EL PATRIMONIO,Extorsión. - Art. 200.2.,2021,12
107,CSJ DEL SANTA,SENTENCIA,DELITOS CONTRA EL PATRIMONIO,Extorsión. - Art. 200.1.,2021,7
108,CSJ DEL SANTA,SENTENCIA,DELITOS CONTRA EL PATRIMONIO,Extorsión. - Art. 200.3.,2021,3
109,CSJ DEL SANTA,SENTENCIA ABSOLUTORIA,DELITOS CONTRA EL PATRIMONIO,Extorsión. - Art. 200.1.,2021,13
110,CSJ DEL SANTA,SENTENCIA IMPROCENTE,DELITOS CONTRA EL PATRIMONIO,Extorsión. - Art. 200.1.,2022,1
111,CSJ DEL SANTA,SENTENCIA,DELITOS CONTRA EL PATRIMONIO,Extorsión. - Art. 200.1.,2022,19
112,CSJ DEL SANTA,SENTENCIA,DELITOS CONTRA EL PATRIMONIO,Extorsión. - Art. 200.3.,2022,7
113,CSJ DEL SANTA,SENTENCIA,DELITOS CONTRA EL PATRIMONIO,Extorsión. - Art. 200.2.,2022,11
114,CSJ DEL SANTA,SENTENCIA NULA,DELITOS CONTRA EL PATRIMONIO,Extorsión. - Art. 200.1.,2022,1
115,CSJ DEL SANTA,SENTENCIA CONDENATORIA,DELITOS CONTRA EL PATRIMONIO,Extorsión. - Art. 200.3.,2022,9
116,CSJ DEL SANTA,SENTENCIA ABSOLUTORIA,DELITOS CONTRA EL PATRIMONIO,Extorsión. - Art. 200.1.,2022,17
117,CSJ DEL SANTA,SENTENCIA CONDENATORIA,DELITOS CONTRA EL PATRIMONIO,Extorsión. - Art. 200.1.,2022,25
118,CSJ HUANCAVELICA,SENTENCIA,DELITOS CONTRA EL PATRIMONIO,Extorsión. - Art. 200.1.,2020,1
119,CSJ HUANUCO,SENTENCIA,DELITOS CONTRA EL PATRIMONIO,Extorsión. - Art. 200.3.,2020,1
120,CSJ HUANUCO,SENTENCIA ABSOLUTORIA,DELITOS CONTRA EL PATRIMONIO,Extorsión. - Art. 200.1.,2020,32
ITEM,CORTE,ACTO PROCESAL,DELITO,ARTICULO,AÑO,CANTIDAD
121,CSJ HUANUCO,SENTENCIA CONDENATORIA,DELITOS CONTRA EL PATRIMONIO,Extorsión. - Art. 200.1.,2020,56
122,CSJ HUANUCO,SENTENCIA,DELITOS CONTRA EL PATRIMONIO,Extorsión. - Art. 200.1.,2020,13
123,CSJ HUANUCO,SENTENCIA,DELITOS CONTRA EL PATRIMONIO,Extorsión. - Art. 200.2.,2021,1
124,CSJ HUANUCO,SENTENCIA,DELITOS CONTRA EL PATRIMONIO,Extorsión. - Art. 200.1.,2021,6
125,CSJ HUANUCO,SENTENCIA,DELITOS CONTRA EL PATRIMONIO,Extorsión. - Art. 200.3.,2021,3
126,CSJ HUANUCO,SENTENCIA CONDENATORIA,DELITOS CONTRA EL PATRIMONIO,Extorsión. - Art. 200.1.,2021,20
127,CSJ HUANUCO,SENTENCIA ABSOLUTORIA,DELITOS CONTRA EL PATRIMONIO,Extorsión. - Art. 200.1.,2022,10
128,CSJ HUANUCO,SENTENCIA CONDENATORIA,DELITOS CONTRA EL PATRIMONIO,Extorsión. - Art. 200.1.,2022,20
129,CSJ HUANUCO,SENTENCIA,DELITOS CONTRA EL PATRIMONIO,Extorsión. - Art. 200.1.,2022,14
130,CSJ HUANUCO,SENTENCIA,DELITOS CONTRA EL PATRIMONIO,Extorsión. - Art. 200.3.,2022,1
131,CSJ HUAURA,SENTENCIA,DELITOS CONTRA EL PATRIMONIO,Extorsión. - Art. 200.3.,2020,3
132,CSJ HUAURA,SENTENCIA,DELITOS CONTRA EL PATRIMONIO,Extorsión - Art. 200.,2020,20
133,CSJ HUAURA,SENTENCIA CONDENATORIA,DELITOS CONTRA EL PATRIMONIO,Extorsión - Art. 200.,2020,14
134,CSJ HUAURA,SENTENCIA CONDENATORIA,DELITOS CONTRA EL PATRIMONIO,Extorsión. - Art. 200.1.,2020,2
135,CSJ HUAURA,SENTENCIA NULA,DELITOS CONTRA EL PATRIMONIO,Extorsión - Art. 200.,2021,8
136,CSJ HUAURA,SENTENCIA CONDENATORIA,DELITOS CONTRA EL PATRIMONIO,Extorsión. - Art. 200.1.,2021,6
137,CSJ HUAURA,SENTENCIA ABSOLUTORIA,DELITOS CONTRA EL PATRIMONIO,Extorsión - Art. 200.,2021,35
138,CSJ HUAURA,SENTENCIA,DELITOS CONTRA EL PATRIMONIO,Extorsión - Art. 200.,2021,21
139,CSJ HUAURA,SENTENCIA CONDENATORIA,DELITOS CONTRA EL PATRIMONIO,Extorsión - Art. 200.,2021,37
140,CSJ HUAURA,SENTENCIA,DELITOS CONTRA EL PATRIMONIO,Extorsión. - Art. 200.2.,2022,1
141,CSJ HUAURA,SENTENCIA CONDENATORIA,DELITOS CONTRA EL PATRIMONIO,Extorsión. - Art. 200.1.,2022,8
142,CSJ HUAURA,SENTENCIA CONDENATORIA,DELITOS CONTRA EL PATRIMONIO,Extorsión - Art. 200.,2022,12
143,CSJ HUAURA,SENTENCIA CONDENATORIA,DELITOS CONTRA EL PATRIMONIO,Extorsión. - Art. 200.2.,2022,2
144,CSJ HUAURA,SENTENCIA ABSOLUTORIA,DELITOS CONTRA EL PATRIMONIO,Extorsión - Art. 200.,2022,13
145,CSJ HUAURA,SENTENCIA,DELITOS CONTRA EL PATRIMONIO,Extorsión - Art. 200.,2022,22
146,CSJ HUAURA,SENTENCIA,DELITOS CONTRA EL PATRIMONIO,Extorsión. - Art. 200.1.,2022,4
147,CSJ ICA,SENTENCIA,DELITOS CONTRA EL PATRIMONIO,Extorsión. - Art. 200.2.,2020,8
148,CSJ ICA,SENTENCIA CONDENATORIA,DELITOS CONTRA EL PATRIMONIO,Extorsión. - Art. 200.1.,2020,82
149,CSJ ICA,SENTENCIA CONDENATORIA,DELITOS CONTRA EL PATRIMONIO,Extorsión. - Art. 200.3.,2020,24
150,CSJ ICA,SENTENCIA CONFIRMADA,DELITOS CONTRA EL PATRIMONIO,Extorsión. - Art. 200.1.,2020,1
ITEM,CORTE,ACTO PROCESAL,DELITO,ARTICULO,AÑO,CANTIDAD
151,CSJ ICA,SENTENCIA ABSOLUTORIA,DELITOS CONTRA EL PATRIMONIO,Extorsión. - Art. 200.1.,2020,78
152,CSJ ICA,SENTENCIA REVOCADA,DELITOS CONTRA EL PATRIMONIO,Extorsión. - Art. 200.1.,2020,14
153,CSJ ICA,SENTENCIA,DELITOS CONTRA EL PATRIMONIO,Extorsión. - Art. 200.1.,2020,26
154,CSJ ICA,SENTENCIA CONDENATORIA,DELITOS CONTRA EL PATRIMONIO,Extorsión. - Art. 200.2.,2020,17
155,CSJ ICA,SENTENCIA,DELITOS CONTRA EL PATRIMONIO,Extorsión. - Art. 200.2.,2021,6
156,CSJ ICA,SENTENCIA CONDENATORIA,DELITOS CONTRA EL PATRIMONIO,Extorsión. - Art. 200.3.,2021,34
157,CSJ ICA,SENTENCIA CONDENATORIA,DELITOS CONTRA EL PATRIMONIO,Extorsión. - Art. 200.2.,2021,22
158,CSJ ICA,SENTENCIA NULA,DELITOS CONTRA EL PATRIMONIO,Extorsión. - Art. 200.1.,2021,5
159,CSJ ICA,SENTENCIA ABSOLUTORIA,DELITOS CONTRA EL PATRIMONIO,Extorsión. - Art. 200.1.,2021,55
160,CSJ ICA,SENTENCIA CONDENATORIA,DELITOS CONTRA EL PATRIMONIO,Extorsión. - Art. 200.1.,2021,75
161,CSJ ICA,SENTENCIA,DELITOS CONTRA EL PATRIMONIO,Extorsión. - Art. 200.1.,2021,19
162,CSJ ICA,SENTENCIA,DELITOS CONTRA EL PATRIMONIO,Extorsión. - Art. 200.3.,2021,10
163,CSJ ICA,SENTENCIA CONFIRMADA,DELITOS CONTRA EL PATRIMONIO,Extorsión. - Art. 200.1.,2021,6
164,CSJ ICA,SENTENCIA,DELITOS CONTRA EL PATRIMONIO,Extorsión. - Art. 200.2.,2022,3
165,CSJ ICA,SENTENCIA REVOCADA,DELITOS CONTRA EL PATRIMONIO,Extorsión. - Art. 200.1.,2022,1
166,CSJ ICA,SENTENCIA,DELITOS CONTRA EL PATRIMONIO,Extorsión. - Art. 200.3.,2022,2
167,CSJ ICA,SENTENCIA NULA,DELITOS CONTRA EL PATRIMONIO,Extorsión. - Art. 200.2.,2022,1
168,CSJ ICA,SENTENCIA,DELITOS CONTRA EL PATRIMONIO,Extorsión. - Art. 200.1.,2022,36
169,CSJ ICA,SENTENCIA FUNDADA,DELITOS CONTRA EL PATRIMONIO,Extorsión. - Art. 200.2.,2022,1
170,CSJ ICA,SENTENCIA CONDENATORIA,DELITOS CONTRA EL PATRIMONIO,Extorsión. - Art. 200.2.,2022,11
171,CSJ ICA,SENTENCIA CONFIRMADA,DELITOS CONTRA EL PATRIMONIO,Extorsión. - Art. 200.1.,2022,4
172,CSJ ICA,SENTENCIA NULA,DELITOS CONTRA EL PATRIMONIO,Extorsión. - Art. 200.1.,2022,6
173,CSJ ICA,SENTENCIA CONDENATORIA,DELITOS CONTRA EL PATRIMONIO,Extorsión. - Art. 200.3.,2022,20
174,CSJ ICA,SENTENCIA ABSOLUTORIA,DELITOS CONTRA EL PATRIMONIO,Extorsión. - Art. 200.1.,2022,55
175,CSJ ICA,SENTENCIA CONDENATORIA,DELITOS CONTRA EL PATRIMONIO,Extorsión. - Art. 200.1.,2022,42
176,CSJ JUNIN,SENTENCIA,DELITOS CONTRA EL PATRIMONIO,Extorsión. - Art. 200.2.,2020,2
177,CSJ JUNIN,SENTENCIA ABSOLUTORIA,DELITOS CONTRA EL PATRIMONIO,Extorsión. - Art. 200.2.,2020,2
178,CSJ JUNIN,SENTENCIA CONDENATORIA,DELITOS CONTRA EL PATRIMONIO,Extorsión. - Art. 200.1.,2020,4
179,CSJ JUNIN,SENTENCIA ABSOLUTORIA,DELITOS CONTRA EL PATRIMONIO,Extorsión. - Art. 200.1.,2020,4
180,CSJ JUNIN,SENTENCIA NULA,DELITOS CONTRA EL PATRIMONIO,Extorsión. - Art. 200.2.,2020,13
ITEM,CORTE,ACTO PROCESAL,DELITO,ARTICULO,AÑO,CANTIDAD
181,CSJ JUNIN,SENTENCIA CONDENATORIA,DELITOS CONTRA EL PATRIMONIO,Extorsión. - Art. 200.1.,2021,2
182,CSJ JUNIN,SENTENCIA,DELITOS CONTRA EL PATRIMONIO,Extorsión. - Art. 200.1.,2021,2
183,CSJ JUNIN,SENTENCIA ABSOLUTORIA,DELITOS CONTRA EL PATRIMONIO,Extorsión. - Art. 200.1.,2021,4
184,CSJ JUNIN,SENTENCIA NULA,DELITOS CONTRA EL PATRIMONIO,Extorsión. - Art. 200.2.,2021,6
185,CSJ JUNIN,SENTENCIA NULA,DELITOS CONTRA EL PATRIMONIO,Extorsión. - Art. 200.2.,2022,9
186,CSJ JUNIN,SENTENCIA ABSOLUTORIA,DELITOS CONTRA EL PATRIMONIO,Extorsión. - Art. 200.1.,2022,2
187,CSJ JUNIN,SENTENCIA,DELITOS CONTRA EL PATRIMONIO,Extorsión. - Art. 200.1.,2022,2
188,CSJ LA LIBERTAD,SENTENCIA,DELITOS CONTRA EL PATRIMONIO,Extorsión. - Art. 200.1.,2020,149
189,CSJ LA LIBERTAD,SENTENCIA,DELITOS CONTRA EL PATRIMONIO,Extorsión. - Art. 200.3.,2020,16
190,CSJ LA LIBERTAD,SENTENCIA INFUNDADA,DELITOS CONTRA EL PATRIMONIO,Extorsión. - Art. 200.1.,2020,2
191,CSJ LA LIBERTAD,SENTENCIA ABSOLUTORIA,DELITOS CONTRA EL PATRIMONIO,Extorsión. - Art. 200.2.,2020,72
192,CSJ LA LIBERTAD,SENTENCIA CONDENATORIA,DELITOS CONTRA EL PATRIMONIO,Extorsión. - Art. 200.2.,2020,8
193,CSJ LA LIBERTAD,SENTENCIA REVOCADA,DELITOS CONTRA EL PATRIMONIO,Extorsión. - Art. 200.1.,2020,10
194,CSJ LA LIBERTAD,SENTENCIA CONFIRMADA,DELITOS CONTRA EL PATRIMONIO,Extorsión. - Art. 200.1.,2020,1
195,CSJ LA LIBERTAD,SENTENCIA CONFIRMADA,DELITOS CONTRA EL PATRIMONIO,Extorsión. - Art. 200.3.,2020,4
196,CSJ LA LIBERTAD,SENTENCIA NULA,DELITOS CONTRA EL PATRIMONIO,Extorsión. - Art. 200.3.,2020,6
197,CSJ LA LIBERTAD,SENTENCIA,DELITOS CONTRA EL PATRIMONIO,Extorsión. - Art. 200.2.,2020,7
198,CSJ LA LIBERTAD,SENTENCIA ABSOLUTORIA,DELITOS CONTRA EL PATRIMONIO,Extorsión. - Art. 200.1.,2020,167
199,CSJ LA LIBERTAD,SENTENCIA CONDENATORIA,DELITOS CONTRA EL PATRIMONIO,Extorsión. - Art. 200.1.,2020,192
200,CSJ LA LIBERTAD,SENTENCIA ABSOLUTORIA,DELITOS CONTRA EL PATRIMONIO,Extorsión. - Art. 200.3.,2020,4
201,CSJ LA LIBERTAD,SENTENCIA CONDENATORIA,DELITOS CONTRA EL PATRIMONIO,Extorsión. - Art. 200.3.,2020,6
202,CSJ LA LIBERTAD,SENTENCIA INFUNDADA,DELITOS CONTRA EL PATRIMONIO,Extorsión. - Art. 200.2.,2020,4
203,CSJ LA LIBERTAD,SENTENCIA NULA,DELITOS CONTRA EL PATRIMONIO,Extorsión. - Art. 200.1.,2020,6
204,CSJ LA LIBERTAD,SENTENCIA,DELITOS CONTRA EL PATRIMONIO,Extorsión. - Art. 200.3.,2021,5
205,CSJ LA LIBERTAD,SENTENCIA,DELITOS CONTRA EL PATRIMONIO,Extorsión. - Art. 200.1.,2021,195
206,CSJ LA LIBERTAD,SENTENCIA CONDENATORIA,DELITOS CONTRA EL PATRIMONIO,Extorsión. - Art. 200.2.,2021,32
207,CSJ LA LIBERTAD,SENTENCIA INFUNDADA,DELITOS CONTRA EL PATRIMONIO,Extorsión. - Art. 200.3.,2021,10
208,CSJ LA LIBERTAD,SENTENCIA ABSOLUTORIA,DELITOS CONTRA EL PATRIMONIO,Extorsión. - Art. 200.2.,2021,42
209,CSJ LA LIBERTAD,SENTENCIA REVOCADA,DELITOS CONTRA EL PATRIMONIO,Extorsión. - Art. 200.1.,2021,4
210,CSJ LA LIBERTAD,SENTENCIA FUNDADA,DELITOS CONTRA EL PATRIMONIO,Extorsión. - Art. 200.1.,2021,24
ITEM,CORTE,ACTO PROCESAL,DELITO,ARTICULO,AÑO,CANTIDAD
211,CSJ LA LIBERTAD,SENTENCIA INFUNDADA,DELITOS CONTRA EL PATRIMONIO,Extorsión. - Art. 200.1.,2021,34
212,CSJ LA LIBERTAD,SENTENCIA CONDENATORIA,DELITOS CONTRA EL PATRIMONIO,Extorsión. - Art. 200.3.,2021,29
213,CSJ LA LIBERTAD,SENTENCIA,DELITOS CONTRA EL PATRIMONIO,Extorsión. - Art. 200.2.,2021,22
214,CSJ LA LIBERTAD,SENTENCIA ABSOLUTORIA,DELITOS CONTRA EL PATRIMONIO,Extorsión. - Art. 200.1.,2021,168
215,CSJ LA LIBERTAD,SENTENCIA CONDENATORIA,DELITOS CONTRA EL PATRIMONIO,Extorsión. - Art. 200.1.,2021,208
216,CSJ LA LIBERTAD,SENTENCIA INFUNDADA,DELITOS CONTRA EL PATRIMONIO,Extorsión. - Art. 200.2.,2021,14
217,CSJ LA LIBERTAD,SENTENCIA ABSOLUTORIA,DELITOS CONTRA EL PATRIMONIO,Extorsión. - Art. 200.2.,2022,90
218,CSJ LA LIBERTAD,SENTENCIA NULA,DELITOS CONTRA EL PATRIMONIO,Extorsión. - Art. 200.1.,2022,4
219,CSJ LA LIBERTAD,SENTENCIA CONDENATORIA,DELITOS CONTRA EL PATRIMONIO,Extorsión. - Art. 200.2.,2022,8
220,CSJ LA LIBERTAD,SENTENCIA,DELITOS CONTRA EL PATRIMONIO,Extorsión. - Art. 200.3.,2022,21
221,CSJ LA LIBERTAD,SENTENCIA ABSOLUTORIA,DELITOS CONTRA EL PATRIMONIO,Extorsión. - Art. 200.1.,2022,291
222,CSJ LA LIBERTAD,SENTENCIA INFUNDADA,DELITOS CONTRA EL PATRIMONIO,Extorsión. - Art. 200.2.,2022,20
223,CSJ LA LIBERTAD,SENTENCIA ABSOLUTORIA,DELITOS CONTRA EL PATRIMONIO,Extorsión. - Art. 200.3.,2022,24
224,CSJ LA LIBERTAD,SENTENCIA CONDENATORIA,DELITOS CONTRA EL PATRIMONIO,Extorsión. - Art. 200.1.,2022,189
225,CSJ LA LIBERTAD,SENTENCIA CONFIRMADA,DELITOS CONTRA EL PATRIMONIO,Extorsión. - Art. 200.1.,2022,5
226,CSJ LA LIBERTAD,SENTENCIA CONDENATORIA,DELITOS CONTRA EL PATRIMONIO,Extorsión. - Art. 200.3.,2022,28
227,CSJ LA LIBERTAD,SENTENCIA,DELITOS CONTRA EL PATRIMONIO,Extorsión. - Art. 200.1.,2022,181
228,CSJ LA LIBERTAD,SENTENCIA REVOCADA,DELITOS CONTRA EL PATRIMONIO,Extorsión. - Art. 200.1.,2022,2
229,CSJ LA LIBERTAD,SENTENCIA,DELITOS CONTRA EL PATRIMONIO,Extorsión. - Art. 200.2.,2022,18
230,CSJ LA LIBERTAD,SENTENCIA FUNDADA,DELITOS CONTRA EL PATRIMONIO,Extorsión. - Art. 200.1.,2022,2
231,CSJ LA LIBERTAD,SENTENCIA INFUNDADA,DELITOS CONTRA EL PATRIMONIO,Extorsión. - Art. 200.1.,2022,18
232,CSJ LA LIBERTAD - ASCOPE,SENTENCIA,DELITOS CONTRA EL PATRIMONIO,Extorsión. - Art. 200.1.,2020,2
233,CSJ LA LIBERTAD - CHEPEN,SENTENCIA,DELITOS CONTRA EL PATRIMONIO,Extorsión. - Art. 200.1.,2020,24
234,"CSJ LA LIBERTAD -HUAMACHUCO",SENTENCIA,DELITOS CONTRA EL PATRIMONIO,Extorsión. - Art. 200.3.,2020,2
235,"CSJ LA LIBERTAD -HUAMACHUCO",SENTENCIA,DELITOS CONTRA EL PATRIMONIO,Extorsión. - Art. 200.2.,2020,1
236,CSJ LA LIBERTAD - OTUZCO,SENTENCIA,DELITOS CONTRA EL PATRIMONIO,Extorsión. - Art. 200.2.,2020,12
237,CSJ LA LIBERTAD - PAIJAN,SENTENCIA,DELITOS CONTRA EL PATRIMONIO,Extorsión. - Art. 200.3.,2020,12
238,CSJ LA LIBERTAD - PAIJAN,SENTENCIA,DELITOS CONTRA EL PATRIMONIO,Extorsión. - Art. 200.1.,2020,12
239,CSJ LA LIBERTAD - SAN PEDRO,SENTENCIA,DELITOS CONTRA EL PATRIMONIO,Extorsión. - Art. 200.1.,2020,29
240,CSJ LA LIBERTAD - SAN PEDRO,SENTENCIA FUNDADA,DELITOS CONTRA EL PATRIMONIO,Extorsión. - Art. 200.1.,2020,12
ITEM,CORTE,ACTO PROCESAL,DELITO,ARTICULO,AÑO,CANTIDAD
241,CSJ LAMBAYEQUE,SENTENCIA,DELITOS CONTRA EL PATRIMONIO,Extorsión. - Art. 200.2.,2020,2
242,CSJ LAMBAYEQUE,SENTENCIA ABSOLUTORIA,DELITOS CONTRA EL PATRIMONIO,Extorsión. - Art. 200.2.,2020,2
243,CSJ LAMBAYEQUE,SENTENCIA CONDENATORIA,DELITOS CONTRA EL PATRIMONIO,Extorsión. - Art. 200.1.,2020,64
244,CSJ LAMBAYEQUE,SENTENCIA,DELITOS CONTRA EL PATRIMONIO,Extorsión. - Art. 200.1.,2020,5
245,CSJ LAMBAYEQUE,SENTENCIA,DELITOS CONTRA EL PATRIMONIO,Extorsión. - Art. 200.3.,2020,1
246,CSJ LAMBAYEQUE,SENTENCIA FUNDADA,DELITOS CONTRA EL PATRIMONIO,Extorsión. - Art. 200.3.,2020,12
247,CSJ LAMBAYEQUE,SENTENCIA NULA,DELITOS CONTRA EL PATRIMONIO,Extorsión. - Art. 200.1.,2020,2
248,CSJ LAMBAYEQUE,SENTENCIA ABSOLUTORIA,DELITOS CONTRA EL PATRIMONIO,Extorsión. - Art. 200.1.,2020,26
249,CSJ LAMBAYEQUE,SENTENCIA CONDENATORIA,DELITOS CONTRA EL PATRIMONIO,Extorsión. - Art. 200.1.,2021,50
250,CSJ LAMBAYEQUE,SENTENCIA,DELITOS CONTRA EL PATRIMONIO,Extorsión. - Art. 200.1.,2021,20
251,CSJ LAMBAYEQUE,SENTENCIA,DELITOS CONTRA EL PATRIMONIO,Extorsión. - Art. 200.3.,2021,3
252,CSJ LAMBAYEQUE,SENTENCIA ABSOLUTORIA,DELITOS CONTRA EL PATRIMONIO,Extorsión. - Art. 200.1.,2021,26
253,CSJ LAMBAYEQUE,SENTENCIA,DELITOS CONTRA EL PATRIMONIO,Extorsión. - Art. 200.2.,2021,3
254,CSJ LAMBAYEQUE,SENTENCIA ABSOLUTORIA,DELITOS CONTRA EL PATRIMONIO,Extorsión. - Art. 200.3.,2021,4
255,CSJ LAMBAYEQUE,SENTENCIA CONDENATORIA,DELITOS CONTRA EL PATRIMONIO,Extorsión. - Art. 200.2.,2021,6
256,CSJ LAMBAYEQUE,SENTENCIA ABSOLUTORIA,DELITOS CONTRA EL PATRIMONIO,Extorsión. - Art. 200.1.,2022,54
257,CSJ LAMBAYEQUE,SENTENCIA CONFIRMADA,DELITOS CONTRA EL PATRIMONIO,Extorsión. - Art. 200.1.,2022,3
258,CSJ LAMBAYEQUE,SENTENCIA,DELITOS CONTRA EL PATRIMONIO,Extorsión. - Art. 200.2.,2022,2
259,CSJ LAMBAYEQUE,SENTENCIA CONDENATORIA,DELITOS CONTRA EL PATRIMONIO,Extorsión. - Art. 200.1.,2022,11
260,CSJ LAMBAYEQUE,SENTENCIA FUNDADA,DELITOS CONTRA EL PATRIMONIO,Extorsión. - Art. 200.3.,2022,10
261,CSJ LAMBAYEQUE,SENTENCIA IMPROCENTE,DELITOS CONTRA EL PATRIMONIO,Extorsión. - Art. 200.1.,2022,2
262,CSJ LAMBAYEQUE,SENTENCIA,DELITOS CONTRA EL PATRIMONIO,Extorsión. - Art. 200.1.,2022,23
263,CSJ LIMA - ANTICORRUPCION,SENTENCIA,DELITOS CONTRA EL PATRIMONIO,Extorsión. - Art. 200.2.,2022,7
264,CSJ LIMA - ANTICORRUPCION,SENTENCIA CONDENATORIA,DELITOS CONTRA EL PATRIMONIO,Extorsión. - Art. 200.1.,2022,14
265,CSJ LIMA - ANTICORRUPCION,SENTENCIA,DELITOS CONTRA EL PATRIMONIO,Extorsión. - Art. 200.1.,2022,32
266,CSJ LIMA - Penal,SENTENCIA ABSOLUTORIA,DELITOS CONTRA EL PATRIMONIO,Extorsión. - Art. 200.2.,2020,12
267,CSJ LIMA - Penal,SENTENCIA CONDENATORIA,DELITOS CONTRA EL PATRIMONIO,Extorsión. - Art. 200.2.,2020,8
268,CSJ LIMA - Penal,SENTENCIA REVOCADA,DELITOS CONTRA EL PATRIMONIO,Extorsión. - Art. 200.1.,2020,19
269,CSJ LIMA - Penal,SENTENCIA IMPROCENTE,DELITOS CONTRA EL PATRIMONIO,Extorsión. - Art. 200.1.,2020,25
270,CSJ LIMA - Penal,SENTENCIA ABSOLUTORIA,DELITOS CONTRA EL PATRIMONIO,Extorsión. - Art. 200.1.,2020,19
ITEM,CORTE,ACTO PROCESAL,DELITO,ARTICULO,AÑO,CANTIDAD
271,CSJ LIMA - Penal,SENTENCIA CONDENATORIA,DELITOS CONTRA EL PATRIMONIO,Extorsión. - Art. 200.1.,2020,80
272,CSJ LIMA - Penal,SENTENCIA,DELITOS CONTRA EL PATRIMONIO,Extorsión. - Art. 200.1.,2020,2
273,CSJ LIMA - Penal,SENTENCIA,DELITOS CONTRA EL PATRIMONIO,Extorsión. - Art. 200.3.,2020,1
274,CSJ LIMA - Penal,SENTENCIA CONFIRMADA,DELITOS CONTRA EL PATRIMONIO,Extorsión. - Art. 200.1.,2020,1
275,CSJ LIMA - Penal,SENTENCIA CONDENATORIA,DELITOS CONTRA EL PATRIMONIO,Extorsión. - Art. 200.3.,2020,11
276,CSJ LIMA - Penal,SENTENCIA REVOCADA,DELITOS CONTRA EL PATRIMONIO,Extorsión. - Art. 200.2.,2020,3
277,CSJ LIMA - Penal,SENTENCIA FUNDADA,DELITOS CONTRA EL PATRIMONIO,Extorsión. - Art. 200.2.,2020,12
278,CSJ LIMA - Penal,SENTENCIA CONDENATORIA,DELITOS CONTRA EL PATRIMONIO,Extorsión. - Art. 200.2.,2021,4
279,CSJ LIMA - Penal,SENTENCIA NULA,DELITOS CONTRA EL PATRIMONIO,Extorsión. - Art. 200.1.,2021,16
280,CSJ LIMA - Penal,SENTENCIA CONDENATORIA,DELITOS CONTRA EL PATRIMONIO,Extorsión. - Art. 200.3.,2021,6
281,CSJ LIMA - Penal,SENTENCIA ABSOLUTORIA,DELITOS CONTRA EL PATRIMONIO,Extorsión. - Art. 200.1.,2021,20
282,CSJ LIMA - Penal,SENTENCIA CONDENATORIA,DELITOS CONTRA EL PATRIMONIO,Extorsión. - Art. 200.1.,2021,48
283,CSJ LIMA - Penal,SENTENCIA ABSOLUTORIA,DELITOS CONTRA EL PATRIMONIO,Extorsión. - Art. 200.2.,2021,6
284,CSJ LIMA - Penal,SENTENCIA IMPROCENTE,DELITOS CONTRA EL PATRIMONIO,Extorsión. - Art. 200.1.,2021,15
285,CSJ LIMA - Penal,SENTENCIA,DELITOS CONTRA EL PATRIMONIO,Extorsión. - Art. 200.1.,2021,2
286,CSJ LIMA - Penal,SENTENCIA FUNDADA,DELITOS CONTRA EL PATRIMONIO,Extorsión. - Art. 200.2.,2021,6
287,CSJ LIMA - Penal,SENTENCIA ABSOLUTORIA,DELITOS CONTRA EL PATRIMONIO,Extorsión. - Art. 200.1.,2022,19
288,CSJ LIMA - Penal,SENTENCIA ABSOLUTORIA,DELITOS CONTRA EL PATRIMONIO,Extorsión. - Art. 200.3.,2022,5
289,CSJ LIMA - Penal,SENTENCIA CONDENATORIA,DELITOS CONTRA EL PATRIMONIO,Extorsión. - Art. 200.1.,2022,51
290,CSJ LIMA - Penal,SENTENCIA CONFIRMADA,DELITOS CONTRA EL PATRIMONIO,Extorsión. - Art. 200.1.,2022,2
291,CSJ LIMA - Penal,SENTENCIA NULA,DELITOS CONTRA EL PATRIMONIO,Extorsión. - Art. 200.1.,2022,3
292,CSJ LIMA - Penal,SENTENCIA IMPROCENTE,DELITOS CONTRA EL PATRIMONIO,Extorsión. - Art. 200.1.,2022,9
293,CSJ LIMA - Penal,SENTENCIA,DELITOS CONTRA EL PATRIMONIO,Extorsión. - Art. 200.1.,2022,2
294,CSJ LIMA - Penal,SENTENCIA CONDENATORIA,DELITOS CONTRA EL PATRIMONIO,Extorsión. - Art. 200.2.,2022,12
295,CSJ LIMA - Penal,SENTENCIA FUNDADA,DELITOS CONTRA EL PATRIMONIO,Extorsión. - Art. 200.1.,2022,6
296,CSJ Lima Este,SENTENCIA,DELITOS CONTRA EL PATRIMONIO,Extorsión. - Art. 200.1.,2020,8
297,CSJ Lima Este,SENTENCIA ABSOLUTORIA,DELITOS CONTRA EL PATRIMONIO,Extorsión. - Art. 200.1.,2020,19
298,CSJ Lima Este,SENTENCIA CONDENATORIA,DELITOS CONTRA EL PATRIMONIO,Extorsión. - Art. 200.1.,2020,25
299,CSJ Lima Este,SENTENCIA INFUNDADA,DELITOS CONTRA EL PATRIMONIO,Extorsión. - Art. 200.1.,2020,15
300,CSJ Lima Este,SENTENCIA CONDENATORIA,DELITOS CONTRA EL PATRIMONIO,Extorsión. - Art. 200.3.,2020,7
ITEM,CORTE,ACTO PROCESAL,DELITO,ARTICULO,AÑO,CANTIDAD
301,CSJ Lima Este,SENTENCIA NULA,DELITOS CONTRA EL PATRIMONIO,Extorsión. - Art. 200.1.,2020,3
302,CSJ Lima Este,SENTENCIA CONDENATORIA,DELITOS CONTRA EL PATRIMONIO,Extorsión. - Art. 200.2.,2020,2
303,CSJ Lima Este,SENTENCIA REVOCADA,DELITOS CONTRA EL PATRIMONIO,Extorsión. - Art. 200.1.,2020,2
304,CSJ Lima Este,SENTENCIA IMPROCENTE,DELITOS CONTRA EL PATRIMONIO,Extorsión. - Art. 200.1.,2020,20
305,CSJ Lima Este,SENTENCIA,DELITOS CONTRA EL PATRIMONIO,Extorsión. - Art. 200.1.,2021,19
306,CSJ Lima Este,SENTENCIA FUNDADA,DELITOS CONTRA EL PATRIMONIO,Extorsión. - Art. 200.1.,2021,2
307,CSJ Lima Este,SENTENCIA ABSOLUTORIA,DELITOS CONTRA EL PATRIMONIO,Extorsión. - Art. 200.1.,2021,24
308,CSJ Lima Este,SENTENCIA ABSOLUTORIA,DELITOS CONTRA EL PATRIMONIO,Extorsión. - Art. 200.3.,2021,4
309,CSJ Lima Este,SENTENCIA CONDENATORIA,DELITOS CONTRA EL PATRIMONIO,Extorsión. - Art. 200.1.,2021,13
310,CSJ Lima Este,SENTENCIA IMPROCENTE,DELITOS CONTRA EL PATRIMONIO,Extorsión. - Art. 200.2.,2021,8
311,CSJ Lima Este,SENTENCIA CONDENATORIA,DELITOS CONTRA EL PATRIMONIO,Extorsión. - Art. 200.2.,2021,2
312,CSJ Lima Este,SENTENCIA CONFIRMADA,DELITOS CONTRA EL PATRIMONIO,Extorsión. - Art. 200.1.,2021,15
313,CSJ Lima Este,SENTENCIA NULA,DELITOS CONTRA EL PATRIMONIO,Extorsión. - Art. 200.1.,2021,9
314,CSJ Lima Este,SENTENCIA,DELITOS CONTRA EL PATRIMONIO,Extorsión. - Art. 200.2.,2021,4
315,CSJ Lima Este,SENTENCIA IMPROCENTE,DELITOS CONTRA EL PATRIMONIO,Extorsión. - Art. 200.1.,2021,9
316,CSJ Lima Este,SENTENCIA INFUNDADA,DELITOS CONTRA EL PATRIMONIO,Extorsión. - Art. 200.3.,2022,3
317,CSJ Lima Este,SENTENCIA REVOCADA,DELITOS CONTRA EL PATRIMONIO,Extorsión. - Art. 200.1.,2022,1
318,CSJ Lima Este,SENTENCIA FUNDADA,DELITOS CONTRA EL PATRIMONIO,Extorsión. - Art. 200.1.,2022,16
319,CSJ Lima Este,SENTENCIA,DELITOS CONTRA EL PATRIMONIO,Extorsión. - Art. 200.2.,2022,3
320,CSJ Lima Este,SENTENCIA CONDENATORIA,DELITOS CONTRA EL PATRIMONIO,Extorsión. - Art. 200.3.,2022,3
321,CSJ Lima Este,SENTENCIA NULA,DELITOS CONTRA EL PATRIMONIO,Extorsión. - Art. 200.1.,2022,4
322,CSJ Lima Este,SENTENCIA CONDENATORIA,DELITOS CONTRA EL PATRIMONIO,Extorsión. - Art. 200.1.,2022,46
323,CSJ Lima Este,SENTENCIA,DELITOS CONTRA EL PATRIMONIO,Extorsión. - Art. 200.1.,2022,18
324,CSJ Lima Este,SENTENCIA ABSOLUTORIA,DELITOS CONTRA EL PATRIMONIO,Extorsión. - Art. 200.1.,2022,17
325,CSJ Lima Este,SENTENCIA CONDENATORIA,DELITOS CONTRA EL PATRIMONIO,Extorsión. - Art. 200.2.,2022,13
326,CSJ LIMA NORTE,SENTENCIA,DELITOS CONTRA EL PATRIMONIO,Extorsión. - Art. 200.2.,2020,2
327,CSJ LIMA NORTE,SENTENCIA CONDENATORIA,DELITOS CONTRA EL PATRIMONIO,Extorsión. - Art. 200.1.,2020,30
328,CSJ LIMA NORTE,SENTENCIA ABSOLUTORIA,DELITOS CONTRA EL PATRIMONIO,Extorsión. - Art. 200.1.,2020,23
329,CSJ LIMA NORTE,SENTENCIA,DELITOS CONTRA EL PATRIMONIO,Extorsión. - Art. 200.1.,2020,25
330,CSJ LIMA NORTE,SENTENCIA CONFIRMADA,DELITOS CONTRA EL PATRIMONIO,Extorsión. - Art. 200.1.,2020,1
ITEM,CORTE,ACTO PROCESAL,DELITO,ARTICULO,AÑO,CANTIDAD
331,CSJ LIMA NORTE,SENTENCIA NULA,DELITOS CONTRA EL PATRIMONIO,Extorsión. - Art. 200.1.,2020,1
332,CSJ LIMA NORTE,SENTENCIA,DELITOS CONTRA EL PATRIMONIO,Extorsión. - Art. 200.1.,2021,27
333,CSJ LIMA NORTE,SENTENCIA,DELITOS CONTRA EL PATRIMONIO,Extorsión. - Art. 200.2.,2021,4
334,CSJ LIMA NORTE,SENTENCIA FUNDADA,DELITOS CONTRA EL PATRIMONIO,Extorsión. - Art. 200.1.,2021,5
335,CSJ LIMA NORTE,SENTENCIA ABSOLUTORIA,DELITOS CONTRA EL PATRIMONIO,Extorsión. - Art. 200.2.,2021,11
336,CSJ LIMA NORTE,SENTENCIA CONDENATORIA,DELITOS CONTRA EL PATRIMONIO,Extorsión. - Art. 200.1.,2021,61
337,CSJ LIMA NORTE,SENTENCIA,DELITOS CONTRA EL PATRIMONIO,Extorsión. - Art. 200.3.,2021,1
338,CSJ LIMA NORTE,SENTENCIA ABSOLUTORIA,DELITOS CONTRA EL PATRIMONIO,Extorsión. - Art. 200.1.,2021,8
339,CSJ LIMA NORTE,SENTENCIA FUNDADA,DELITOS CONTRA EL PATRIMONIO,Extorsión. - Art. 200.1.,2022,3
340,CSJ LIMA NORTE,SENTENCIA,DELITOS CONTRA EL PATRIMONIO,Extorsión. - Art. 200.1.,2022,24
341,CSJ LIMA NORTE,SENTENCIA NULA,DELITOS CONTRA EL PATRIMONIO,Extorsión. - Art. 200.1.,2022,3
342,CSJ LIMA NORTE,SENTENCIA,DELITOS CONTRA EL PATRIMONIO,Extorsión. - Art. 200.2.,2022,4
343,CSJ LIMA NORTE,SENTENCIA ABSOLUTORIA,DELITOS CONTRA EL PATRIMONIO,Extorsión. - Art. 200.1.,2022,6
344,CSJ LIMA NORTE,SENTENCIA CONDENATORIA,DELITOS CONTRA EL PATRIMONIO,Extorsión. - Art. 200.1.,2022,78
345,"CSJ LIMA SUR - Villa MariaTriunfo",SENTENCIA CONFIRMADA,DELITOS CONTRA EL PATRIMONIO,Extorsión. - Art. 200.1.,2020,5
346,"CSJ LIMA SUR - Villa MariaTriunfo",SENTENCIA,DELITOS CONTRA EL PATRIMONIO,Extorsión. - Art. 200.1.,2020,2
347,"CSJ LIMA SUR - Villa MariaTriunfo",SENTENCIA CONDENATORIA,DELITOS CONTRA EL PATRIMONIO,Extorsión. - Art. 200.2.,2020,12
348,"CSJ LIMA SUR - Villa MariaTriunfo",SENTENCIA CONFIRMADA,DELITOS CONTRA EL PATRIMONIO,Extorsión. - Art. 200.2.,2020,4
349,"CSJ LIMA SUR - Villa MariaTriunfo",SENTENCIA CONDENATORIA,DELITOS CONTRA EL PATRIMONIO,Extorsión. - Art. 200.3.,2020,12
350,"CSJ LIMA SUR - Villa MariaTriunfo",SENTENCIA ABSOLUTORIA,DELITOS CONTRA EL PATRIMONIO,Extorsión. - Art. 200.1.,2020,24
351,"CSJ LIMA SUR - Villa MariaTriunfo",SENTENCIA CONDENATORIA,DELITOS CONTRA EL PATRIMONIO,Extorsión. - Art. 200.1.,2020,12
352,"CSJ LIMA SUR - Villa MariaTriunfo",SENTENCIA NULA,DELITOS CONTRA EL PATRIMONIO,Extorsión. - Art. 200.1.,2020,4
353,"CSJ LIMA SUR - Villa MariaTriunfo",SENTENCIA CONDENATORIA,DELITOS CONTRA EL PATRIMONIO,Extorsión. - Art. 200.1.,2021,7
354,"CSJ LIMA SUR - Villa MariaTriunfo",SENTENCIA NULA,DELITOS CONTRA EL PATRIMONIO,Extorsión. - Art. 200.1.,2021,3
355,"CSJ LIMA SUR - Villa MariaTriunfo",SENTENCIA CONDENATORIA,DELITOS CONTRA EL PATRIMONIO,Extorsión. - Art. 200.2.,2021,2
356,"CSJ LIMA SUR - Villa MariaTriunfo",SENTENCIA,DELITOS CONTRA EL PATRIMONIO,Extorsión. - Art. 200.1.,2021,2
357,"CSJ LIMA SUR - Villa MariaTriunfo",SENTENCIA CONDENATORIA,DELITOS CONTRA EL PATRIMONIO,Extorsión. - Art. 200.1.,2022,27
358,"CSJ LIMA SUR - Villa MariaTriunfo",SENTENCIA CONFIRMADA,DELITOS CONTRA EL PATRIMONIO,Extorsión. - Art. 200.1.,2022,1
359,"CSJ LIMA SUR - Villa MariaTriunfo",SENTENCIA,DELITOS CONTRA EL PATRIMONIO,Extorsión. - Art. 200.3.,2022,1
360,"CSJ LIMA SUR - Villa MariaTriunfo",SENTENCIA,DELITOS CONTRA EL PATRIMONIO,Extorsión. - Art. 200.1.,2022,7
ITEM,CORTE,ACTO PROCESAL,DELITO,ARTICULO,AÑO,CANTIDAD
361,"CSJ LIMA SUR - Villa MariaTriunfo",SENTENCIA CONDENATORIA,DELITOS CONTRA EL PATRIMONIO,Extorsión. - Art. 200.2.,2022,6
362,CSJ LORETO,SENTENCIA CONDENATORIA,DELITOS CONTRA EL PATRIMONIO,Extorsión. - Art. 200.1.,2020,24
363,CSJ LORETO,SENTENCIA NULA,DELITOS CONTRA EL PATRIMONIO,Extorsión. - Art. 200.1.,2020,3
364,CSJ LORETO,SENTENCIA,DELITOS CONTRA EL PATRIMONIO,Extorsión. - Art. 200.1.,2020,6
365,CSJ LORETO,SENTENCIA ABSOLUTORIA,DELITOS CONTRA EL PATRIMONIO,Extorsión. - Art. 200.1.,2020,7
366,CSJ LORETO,SENTENCIA CONDENATORIA,DELITOS CONTRA EL PATRIMONIO,Extorsión. - Art. 200.1.,2021,3
367,CSJ LORETO,SENTENCIA,DELITOS CONTRA EL PATRIMONIO,Extorsión. - Art. 200.1.,2021,4
368,CSJ LORETO,SENTENCIA CONDENATORIA,DELITOS CONTRA EL PATRIMONIO,Extorsión. - Art. 200.1.,2022,5
369,CSJ LORETO,SENTENCIA FUNDADA,DELITOS CONTRA EL PATRIMONIO,Extorsión. - Art. 200.1.,2022,6
370,CSJ LORETO,SENTENCIA INFUNDADA,DELITOS CONTRA EL PATRIMONIO,Extorsión. - Art. 200.1.,2022,3
371,CSJ LORETO,SENTENCIA,DELITOS CONTRA EL PATRIMONIO,Extorsión. - Art. 200.1.,2022,12
372,CSJ LORETO - DATEM,SENTENCIA,DELITOS CONTRA EL PATRIMONIO,Extorsión. - Art. 200.1.,2020,2
373,CSJ LORETO - DATEM,SENTENCIA,DELITOS CONTRA EL PATRIMONIO,Extorsión. - Art. 200.1.,2022,1
374,CSJ LORETO - REQUENA,SENTENCIA,DELITOS CONTRA EL PATRIMONIO,Extorsión. - Art. 200.1.,2020,2
375,CSJ MADRE DE DIOS,SENTENCIA,DELITOS CONTRA EL PATRIMONIO,Extorsión. - Art. 200.1.,2020,1
376,CSJ MADRE DE DIOS,SENTENCIA CONDENATORIA,DELITOS CONTRA EL PATRIMONIO,Extorsión. - Art. 200.1.,2020,3
377,CSJ MADRE DE DIOS,SENTENCIA ABSOLUTORIA,DELITOS CONTRA EL PATRIMONIO,Extorsión. - Art. 200.2.,2021,14
378,CSJ MADRE DE DIOS,SENTENCIA NULA,DELITOS CONTRA EL PATRIMONIO,Extorsión. - Art. 200.2.,2021,1
379,CSJ MADRE DE DIOS,SENTENCIA CONDENATORIA,DELITOS CONTRA EL PATRIMONIO,Extorsión. - Art. 200.1.,2021,21
380,CSJ MADRE DE DIOS,SENTENCIA,DELITOS CONTRA EL PATRIMONIO,Extorsión. - Art. 200.2.,2021,3
381,CSJ MADRE DE DIOS,SENTENCIA,DELITOS CONTRA EL PATRIMONIO,Extorsión. - Art. 200.1.,2022,6
382,CSJ MADRE DE DIOS,SENTENCIA,DELITOS CONTRA EL PATRIMONIO,Extorsión. - Art. 200.3.,2022,1
383,CSJ MADRE DE DIOS,SENTENCIA CONDENATORIA,DELITOS CONTRA EL PATRIMONIO,Extorsión. - Art. 200.1.,2022,5
384,CSJ MOQUEGUA,SENTENCIA,DELITOS CONTRA EL PATRIMONIO,Extorsión. - Art. 200.3.,2022,2
385,CSJ PASCO,SENTENCIA,DELITOS CONTRA EL PATRIMONIO,Extorsión. - Art. 200.1.,2020,4
386,CSJ PASCO,SENTENCIA NULA,DELITOS CONTRA EL PATRIMONIO,Extorsión. - Art. 200.3.,2020,18
387,CSJ PASCO,SENTENCIA CONDENATORIA,DELITOS CONTRA EL PATRIMONIO,Extorsión. - Art. 200.1.,2020,40
388,CSJ PASCO,SENTENCIA,DELITOS CONTRA EL PATRIMONIO,Extorsión. - Art. 200.3.,2021,3
389,CSJ PASCO,SENTENCIA ABSOLUTORIA,DELITOS CONTRA EL PATRIMONIO,Extorsión. - Art. 200.3.,2022,12
390,CSJ PASCO,SENTENCIA CONDENATORIA,DELITOS CONTRA EL PATRIMONIO,Extorsión. - Art. 200.1.,2022,6
ITEM,CORTE,ACTO PROCESAL,DELITO,ARTICULO,AÑO,CANTIDAD
391,CSJ PASCO,SENTENCIA,DELITOS CONTRA EL PATRIMONIO,Extorsión. - Art. 200.1.,2022,4
392,CSJ PASCO,SENTENCIA,DELITOS CONTRA EL PATRIMONIO,Extorsión. - Art. 200.3.,2022,3
393,CSJ PIURA,SENTENCIA,DELITOS CONTRA EL PATRIMONIO,Extorsión. - Art. 200.1.,2020,28
394,CSJ PIURA,SENTENCIA,DELITOS CONTRA EL PATRIMONIO,Extorsión. - Art. 200.3.,2020,4
395,CSJ PIURA,SENTENCIA ABSOLUTORIA,DELITOS CONTRA EL PATRIMONIO,Extorsión. - Art. 200.3.,2020,2
396,CSJ PIURA,SENTENCIA ABSOLUTORIA,DELITOS CONTRA EL PATRIMONIO,Extorsión. - Art. 200.1.,2020,24
397,CSJ PIURA,SENTENCIA CONDENATORIA,DELITOS CONTRA EL PATRIMONIO,Extorsión. - Art. 200.1.,2020,43
398,CSJ PIURA,SENTENCIA,DELITOS CONTRA EL PATRIMONIO,Extorsión. - Art. 200.3.,2021,1
399,CSJ PIURA,SENTENCIA ABSOLUTORIA,DELITOS CONTRA EL PATRIMONIO,Extorsión. - Art. 200.1.,2021,103
400,CSJ PIURA,SENTENCIA,DELITOS CONTRA EL PATRIMONIO,Extorsión. - Art. 200.1.,2021,32
401,CSJ PIURA,SENTENCIA CONFIRMADA,DELITOS CONTRA EL PATRIMONIO,Extorsión. - Art. 200.1.,2021,10
402,CSJ PIURA,SENTENCIA,DELITOS CONTRA EL PATRIMONIO,Extorsión. - Art. 200.2.,2021,4
403,CSJ PIURA,SENTENCIA CONDENATORIA,DELITOS CONTRA EL PATRIMONIO,Extorsión. - Art. 200.1.,2021,51
404,CSJ PIURA,SENTENCIA ABSOLUTORIA,DELITOS CONTRA EL PATRIMONIO,Extorsión. - Art. 200.3.,2021,20
405,CSJ PIURA,SENTENCIA ABSOLUTORIA,DELITOS CONTRA EL PATRIMONIO,Extorsión. - Art. 200.1.,2022,80
406,CSJ PIURA,SENTENCIA CONDENATORIA,DELITOS CONTRA EL PATRIMONIO,Extorsión. - Art. 200.1.,2022,64
407,CSJ PIURA,SENTENCIA CONDENATORIA,DELITOS CONTRA EL PATRIMONIO,Extorsión. - Art. 200.2.,2022,6
408,CSJ PIURA,SENTENCIA NULA,DELITOS CONTRA EL PATRIMONIO,Extorsión. - Art. 200.1.,2022,2
409,CSJ PIURA,SENTENCIA,DELITOS CONTRA EL PATRIMONIO,Extorsión. - Art. 200.2.,2022,2
410,CSJ PIURA,SENTENCIA,DELITOS CONTRA EL PATRIMONIO,Extorsión. - Art. 200.1.,2022,33
411,CSJ PUNO,SENTENCIA,DELITOS CONTRA EL PATRIMONIO,Extorsión. - Art. 200.1.,2020,1
412,CSJ PUNO,SENTENCIA ABSOLUTORIA,DELITOS CONTRA EL PATRIMONIO,Extorsión. - Art. 200.1.,2020,3
413,CSJ PUNO,SENTENCIA FUNDADA,DELITOS CONTRA EL PATRIMONIO,Extorsión. - Art. 200.1.,2020,12
414,CSJ PUNO,SENTENCIA,DELITOS CONTRA EL PATRIMONIO,Extorsión. - Art. 200.2.,2021,1
415,CSJ PUNO,SENTENCIA FUNDADA,DELITOS CONTRA EL PATRIMONIO,Extorsión. - Art. 200.1.,2022,10
416,CSJ PUNO,SENTENCIA,DELITOS CONTRA EL PATRIMONIO,Extorsión. - Art. 200.1.,2022,2
417,CSJ SAN MARTIN,SENTENCIA,DELITOS CONTRA EL PATRIMONIO,Extorsión. - Art. 200.1.,2020,1
418,CSJ SAN MARTIN,SENTENCIA,DELITOS CONTRA EL PATRIMONIO,Extorsión. - Art. 200.2.,2021,13
419,CSJ SAN MARTIN,SENTENCIA ABSOLUTORIA,DELITOS CONTRA EL PATRIMONIO,Extorsión. - Art. 200.1.,2021,13
420,CSJ SAN MARTIN,SENTENCIA IMPROCENTE,DELITOS CONTRA EL PATRIMONIO,Extorsión. - Art. 200.1.,2021,2
ITEM,CORTE,ACTO PROCESAL,DELITO,ARTICULO,AÑO,CANTIDAD
421,CSJ SAN MARTIN,SENTENCIA,DELITOS CONTRA EL PATRIMONIO,Extorsión. - Art. 200.1.,2021,28
422,CSJ SAN MARTIN,SENTENCIA,DELITOS CONTRA EL PATRIMONIO,Extorsión. - Art. 200.3.,2021,2
423,CSJ SAN MARTIN,SENTENCIA ABSOLUTORIA,DELITOS CONTRA EL PATRIMONIO,Extorsión. - Art. 200.3.,2021,21
424,CSJ SAN MARTIN,SENTENCIA,DELITOS CONTRA EL PATRIMONIO,Extorsión. - Art. 200.2.,2022,10
425,CSJ SAN MARTIN,SENTENCIA CONDENATORIA,DELITOS CONTRA EL PATRIMONIO,Extorsión. - Art. 200.1.,2022,30
426,CSJ SAN MARTIN,SENTENCIA ABSOLUTORIA,DELITOS CONTRA EL PATRIMONIO,Extorsión. - Art. 200.3.,2022,20
427,CSJ SAN MARTIN,SENTENCIA CONFIRMADA,DELITOS CONTRA EL PATRIMONIO,Extorsión. - Art. 200.1.,2022,6
428,CSJ SAN MARTIN,SENTENCIA,DELITOS CONTRA EL PATRIMONIO,Extorsión. - Art. 200.1.,2022,5
429,CSJ SAN MARTIN,SENTENCIA,DELITOS CONTRA EL PATRIMONIO,Extorsión. - Art. 200.3.,2022,1
430,CSJ SAN MARTIN - RIOJA,SENTENCIA ABSOLUTORIA,DELITOS CONTRA EL PATRIMONIO,Extorsión. - Art. 200.3.,2020,18
431,CSJ SAN MARTIN - RIOJA,SENTENCIA,DELITOS CONTRA EL PATRIMONIO,Extorsión. - Art. 200.3.,2020,1
432,CSJ SAN MARTIN - TARAPOTO,SENTENCIA ABSOLUTORIA,DELITOS CONTRA EL PATRIMONIO,Extorsión. - Art. 200.1.,2020,24
433,CSJ SAN MARTIN - TARAPOTO,SENTENCIA CONDENATORIA,DELITOS CONTRA EL PATRIMONIO,Extorsión. - Art. 200.1.,2020,36
434,CSJ SAN MARTIN - TARAPOTO,SENTENCIA CONFIRMADA,DELITOS CONTRA EL PATRIMONIO,Extorsión. - Art. 200.1.,2020,3
435,CSJ SAN MARTIN - TARAPOTO,SENTENCIA,DELITOS CONTRA EL PATRIMONIO,Extorsión. - Art. 200.1.,2020,2
436,CSJ SELVA CENTRAL,SENTENCIA,DELITOS CONTRA EL PATRIMONIO,Extorsión. - Art. 200.1.,2020,1
437,CSJ SELVA CENTRAL,SENTENCIA CONDENATORIA,DELITOS CONTRA EL PATRIMONIO,Extorsión. - Art. 200.1.,2020,28
438,CSJ SELVA CENTRAL,SENTENCIA,DELITOS CONTRA EL PATRIMONIO,Extorsión. - Art. 200.2.,2022,1
439,CSJ SELVA CENTRAL,SENTENCIA CONDENATORIA,DELITOS CONTRA EL PATRIMONIO,Extorsión. - Art. 200.1.,2022,8
440,CSJ SELVA CENTRAL,SENTENCIA,DELITOS CONTRA EL PATRIMONIO,Extorsión. - Art. 200.1.,2022,2
441,CSJ SULLANA,SENTENCIA CONDENATORIA,DELITOS CONTRA EL PATRIMONIO,Extorsión. - Art. 200.2.,2020,10
442,CSJ SULLANA,SENTENCIA,DELITOS CONTRA EL PATRIMONIO,Extorsión. - Art. 200.3.,2020,1
443,CSJ SULLANA,SENTENCIA,DELITOS CONTRA EL PATRIMONIO,Extorsión. - Art. 200.1.,2020,3
444,CSJ SULLANA,SENTENCIA ABSOLUTORIA,DELITOS CONTRA EL PATRIMONIO,Extorsión. - Art. 200.1.,2020,36
445,CSJ SULLANA,SENTENCIA CONDENATORIA,DELITOS CONTRA EL PATRIMONIO,Extorsión. - Art. 200.1.,2021,24
446,CSJ SULLANA,SENTENCIA,DELITOS CONTRA EL PATRIMONIO,Extorsión. - Art. 200.1.,2021,4
447,CSJ SULLANA,SENTENCIA CONDENATORIA,DELITOS CONTRA EL PATRIMONIO,Extorsión. - Art. 200.2.,2021,6
448,CSJ SULLANA,SENTENCIA ABSOLUTORIA,DELITOS CONTRA EL PATRIMONIO,Extorsión. - Art. 200.1.,2021,56
449,CSJ SULLANA,SENTENCIA CONDENATORIA,DELITOS CONTRA EL PATRIMONIO,Extorsión. - Art. 200.1.,2022,20
450,CSJ SULLANA,SENTENCIA,DELITOS CONTRA EL PATRIMONIO,Extorsión. - Art. 200.1.,2022,7
ITEM,CORTE,ACTO PROCESAL,DELITO,ARTICULO,AÑO,CANTIDAD
451,CSJ SULLANA,SENTENCIA ABSOLUTORIA,DELITOS CONTRA EL PATRIMONIO,Extorsión. - Art. 200.1.,2022,10
452,CSJ SULLANA - AYABACA,SENTENCIA CONDENATORIA,DELITOS CONTRA EL PATRIMONIO,Extorsión. - Art. 200.1.,2020,3
453,CSJ SULLANA - AYABACA,SENTENCIA,DELITOS CONTRA EL PATRIMONIO,Extorsión. - Art. 200.1.,2020,1
454,CSJ SULLANA - AYABACA,SENTENCIA,DELITOS CONTRA EL PATRIMONIO,Extorsión. - Art. 200.2.,2020,1
455,CSJ TACNA,SENTENCIA,DELITOS CONTRA EL PATRIMONIO,Extorsión. - Art. 200.1.,2020,2
456,CSJ TACNA,SENTENCIA,DELITOS CONTRA EL PATRIMONIO,Extorsión. - Art. 200.1.,2021,2
457,CSJ TACNA,SENTENCIA ABSOLUTORIA,DELITOS CONTRA EL PATRIMONIO,Extorsión. - Art. 200.1.,2021,8
458,CSJ TACNA,SENTENCIA NULA,DELITOS CONTRA EL PATRIMONIO,Extorsión. - Art. 200.1.,2022,4
459,CSJ TACNA,SENTENCIA,DELITOS CONTRA EL PATRIMONIO,Extorsión. - Art. 200.1.,2022,2
460,CSJ TACNA,SENTENCIA ABSOLUTORIA,DELITOS CONTRA EL PATRIMONIO,Extorsión. - Art. 200.1.,2022,11
461,CSJ TACNA,SENTENCIA CONDENATORIA,DELITOS CONTRA EL PATRIMONIO,Extorsión. - Art. 200.1.,2022,8
462,CSJ TUMBES,SENTENCIA,DELITOS CONTRA EL PATRIMONIO,Extorsión. - Art. 200.3.,2020,1
463,CSJ TUMBES,SENTENCIA ABSOLUTORIA,DELITOS CONTRA EL PATRIMONIO,Extorsión. - Art. 200.1.,2020,56
464,CSJ TUMBES,SENTENCIA,DELITOS CONTRA EL PATRIMONIO,Extorsión. - Art. 200.1.,2020,4
465,CSJ TUMBES,SENTENCIA NULA,DELITOS CONTRA EL PATRIMONIO,Extorsión. - Art. 200.1.,2020,2
466,CSJ TUMBES,SENTENCIA,DELITOS CONTRA EL PATRIMONIO,Extorsión. - Art. 200.1.,2021,6
467,CSJ TUMBES,SENTENCIA ABSOLUTORIA,DELITOS CONTRA EL PATRIMONIO,Extorsión. - Art. 200.1.,2021,46
468,CSJ TUMBES,SENTENCIA CONDENATORIA,DELITOS CONTRA EL PATRIMONIO,Extorsión. - Art. 200.1.,2021,6
469,CSJ TUMBES,SENTENCIA NULA,DELITOS CONTRA EL PATRIMONIO,Extorsión. - Art. 200.1.,2021,6
470,CSJ TUMBES,SENTENCIA,DELITOS CONTRA EL PATRIMONIO,Extorsión. - Art. 200.1.,2022,9
471,CSJ TUMBES,SENTENCIA ABSOLUTORIA,DELITOS CONTRA EL PATRIMONIO,Extorsión. - Art. 200.1.,2022,28
472,CSJ TUMBES,SENTENCIA CONDENATORIA,DELITOS CONTRA EL PATRIMONIO,Extorsión. - Art. 200.1.,2022,5
473,CSJ UCAYALI,SENTENCIA ABSOLUTORIA,DELITOS CONTRA EL PATRIMONIO,Extorsión. - Art. 200.3.,2020,21
474,CSJ UCAYALI,SENTENCIA,DELITOS CONTRA EL PATRIMONIO,Extorsión. - Art. 200.1.,2020,5
475,CSJ UCAYALI,SENTENCIA,DELITOS CONTRA EL PATRIMONIO,Extorsión. - Art. 200.3.,2020,1
476,CSJ UCAYALI,SENTENCIA CONFIRMADA,DELITOS CONTRA EL PATRIMONIO,Extorsión. - Art. 200.3.,2020,3
477,CSJ UCAYALI,SENTENCIA ABSOLUTORIA,DELITOS CONTRA EL PATRIMONIO,Extorsión. - Art. 200.1.,2020,31
478,CSJ UCAYALI,SENTENCIA CONDENATORIA,DELITOS CONTRA EL PATRIMONIO,Extorsión. - Art. 200.1.,2020,4
479,CSJ UCAYALI,SENTENCIA FUNDADA,DELITOS CONTRA EL PATRIMONIO,Extorsión. - Art. 200.3.,2021,12
480,CSJ UCAYALI,SENTENCIA ABSOLUTORIA,DELITOS CONTRA EL PATRIMONIO,Extorsión. - Art. 200.1.,2021,8
ITEM,CORTE,ACTO PROCESAL,DELITO,ARTICULO,AÑO,CANTIDAD
481,CSJ UCAYALI,SENTENCIA ABSOLUTORIA,DELITOS CONTRA EL PATRIMONIO,Extorsión. - Art. 200.3.,2021,12
482,CSJ UCAYALI,SENTENCIA CONDENATORIA,DELITOS CONTRA EL PATRIMONIO,Extorsión. - Art. 200.1.,2021,12
483,CSJ UCAYALI,SENTENCIA,DELITOS CONTRA EL PATRIMONIO,Extorsión. - Art. 200.1.,2021,5
484,CSJ UCAYALI,SENTENCIA CONFIRMADA,DELITOS CONTRA EL PATRIMONIO,Extorsión. - Art. 200.1.,2022,1
485,CSJ UCAYALI,SENTENCIA,DELITOS CONTRA EL PATRIMONIO,Extorsión. - Art. 200.2.,2022,1
486,CSJ UCAYALI,SENTENCIA,DELITOS CONTRA EL PATRIMONIO,Extorsión. - Art. 200.1.,2022,6
487,CSJ UCAYALI,SENTENCIA ABSOLUTORIA,DELITOS CONTRA EL PATRIMONIO,Extorsión. - Art. 200.1.,2022,4
488,CSJ UCAYALI,SENTENCIA,DELITOS CONTRA EL PATRIMONIO,Extorsión. - Art. 200.3.,2022,1
489,CSJ VENTANILLA,SENTENCIA,DELITOS CONTRA EL PATRIMONIO,Extorsión - Art. 200.1,2020,2
490,CSJ VENTANILLA,SENTENCIA,DELITOS CONTRA EL PATRIMONIO,Extorsión - Art. 200.9.1,2020,1
491,CSJ VENTANILLA,SENTENCIA ABSOLUTORIA,DELITOS CONTRA EL PATRIMONIO,Extorsión - Art. 200.1,2020,3
492,CSJ VENTANILLA,SENTENCIA CONDENATORIA,DELITOS CONTRA EL PATRIMONIO,Extorsión - Art. 200.1,2020,2
493,CSJ VENTANILLA,SENTENCIA,DELITOS CONTRA EL PATRIMONIO,Extorsión - Art. 200.9.1,2021,1
494,CSJ VENTANILLA,SENTENCIA CONDENATORIA,DELITOS CONTRA EL PATRIMONIO,Extorsión - Art. 200.1,2021,12
495,CSJ VENTANILLA,SENTENCIA FUNDADA,DELITOS CONTRA EL PATRIMONIO,Extorsión - Art. 200.1,2021,5
496,CSJ VENTANILLA,SENTENCIA,DELITOS CONTRA EL PATRIMONIO,Extorsión - Art. 200.1,2021,1
497,CSJ VENTANILLA,SENTENCIA,DELITOS CONTRA EL PATRIMONIO,Extorsión - Art. 200.2,2022,1
498,CSJ VENTANILLA,SENTENCIA CONDENATORIA,DELITOS CONTRA EL PATRIMONIO,Extorsión - Art. 200.1,2022,20
499,CSJ VENTANILLA,SENTENCIA FUNDADA,DELITOS CONTRA EL PATRIMONIO,Extorsión - Art. 200.1,2022,5
500,CSJ VENTANILLA,SENTENCIA,DELITOS CONTRA EL PATRIMONIO,Extorsión - Art. 200.1,2022,6
501,CSJ VENTANILLA,SENTENCIA CONDENATORIA,DELITOS CONTRA EL PATRIMONIO,Extorsión - Art. 200.9.1,2022,4
